Using vips to process variants requires the libvips library. Please install libvips using the instructions on the libvips website.
Using vips to process variants requires the libvips library. Please install libvips using the instructions on the libvips website.
  [1m[35mSQL (0.8ms)[0m  [1m[35mSET search_path TO public /*application='Backend'*/[0m
  [1m[35m (354.3ms)[0m  [1m[35mCREATE DATABASE "backend_development" ENCODING = 'unicode' /*application='Backend'*/[0m
  [1m[35mSQL (0.1ms)[0m  [1m[35mSET search_path TO public /*application='Backend'*/[0m
  [1m[35m (162.1ms)[0m  [1m[35mCREATE DATABASE "backend_test" ENCODING = 'unicode' /*application='Backend'*/[0m
Using vips to process variants requires the libvips library. Please install libvips using the instructions on the libvips website.
  [1m[35mSQL (1.6ms)[0m  [1m[35mSET search_path TO public /*application='Backend'*/[0m
  [1m[35m (67.7ms)[0m  [1m[35mCREATE DATABASE "backend_development" ENCODING = 'unicode' /*application='Backend'*/[0m
  [1m[35mSQL (0.1ms)[0m  [1m[35mSET search_path TO public /*application='Backend'*/[0m
  [1m[35m (20.0ms)[0m  [1m[35mCREATE DATABASE "backend_test" ENCODING = 'unicode' /*application='Backend'*/[0m
Using vips to process variants requires the libvips library. Please install libvips using the instructions on the libvips website.
Started GET "/" for ::1 at 2026-08-12 18:59:59 -0500
  [1m[35m (17.6ms)[0m  [1m[35mCREATE TABLE "schema_migrations" ("version" character varying NOT NULL PRIMARY KEY) /*application='Backend'*/[0m
  [1m[35m (4.1ms)[0m  [1m[35mCREATE TABLE "ar_internal_metadata" ("key" character varying NOT NULL PRIMARY KEY, "value" character varying, "created_at" timestamp(6) NOT NULL, "updated_at" timestamp(6) NOT NULL) /*application='Backend'*/[0m
  [1m[36mActiveRecord::SchemaMigration Load (1.3ms)[0m  [1m[34mSELECT "schema_migrations"."version" FROM "schema_migrations" ORDER BY "schema_migrations"."version" ASC /*application='Backend'*/[0m
Processing by Rails::WelcomeController#index as */*
  Rendering /Users/johanvelozruilova/.local/share/mise/installs/ruby/3.4.10/lib/ruby/gems/3.4.0/gems/railties-8.1.3.1/lib/rails/templates/rails/welcome/index.html.erb
  Rendered /Users/johanvelozruilova/.local/share/mise/installs/ruby/3.4.10/lib/ruby/gems/3.4.0/gems/railties-8.1.3.1/lib/rails/templates/rails/welcome/index.html.erb (Duration: 0.8ms | GC: 0.0ms)
Completed 200 OK in 43ms (Views: 12.2ms | ActiveRecord: 0.0ms (0 queries, 0 cached) | GC: 0.0ms)


Using vips to process variants requires the libvips library. Please install libvips using the instructions on the libvips website.
Using vips to process variants requires the libvips library. Please install libvips using the instructions on the libvips website.
Started GET "/api/v1/health" for ::1 at 2026-08-12 19:05:16 -0500
  [1m[36mActiveRecord::SchemaMigration Load (0.9ms)[0m  [1m[34mSELECT "schema_migrations"."version" FROM "schema_migrations" ORDER BY "schema_migrations"."version" ASC /*application='Backend'*/[0m
Processing by Api::V1::HealthController#show as */*
Completed 200 OK in 19ms (Views: 1.2ms | ActiveRecord: 0.0ms (0 queries, 0 cached) | GC: 0.0ms)


Using vips to process variants requires the libvips library. Please install libvips using the instructions on the libvips website.
Started GET "/api/v1/health" for 127.0.0.1 at 2026-08-12 19:23:49 -0500
  [1m[36mActiveRecord::SchemaMigration Load (1.0ms)[0m  [1m[34mSELECT "schema_migrations"."version" FROM "schema_migrations" ORDER BY "schema_migrations"."version" ASC /*application='Backend'*/[0m
Processing by Api::V1::HealthController#show as */*
Completed 200 OK in 20ms (Views: 1.2ms | ActiveRecord: 0.0ms (0 queries, 0 cached) | GC: 0.0ms)


Started GET "/api/v1/health" for 127.0.0.1 at 2026-08-12 19:24:43 -0500
Processing by Api::V1::HealthController#show as */*
Completed 200 OK in 4ms (Views: 1.1ms | ActiveRecord: 0.0ms (0 queries, 0 cached) | GC: 0.0ms)


Using vips to process variants requires the libvips library. Please install libvips using the instructions on the libvips website.
Using vips to process variants requires the libvips library. Please install libvips using the instructions on the libvips website.
Using vips to process variants requires the libvips library. Please install libvips using the instructions on the libvips website.
Using vips to process variants requires the libvips library. Please install libvips using the instructions on the libvips website.
Using vips to process variants requires the libvips library. Please install libvips using the instructions on the libvips website.
Using vips to process variants requires the libvips library. Please install libvips using the instructions on the libvips website.
  [1m[35m (2.2ms)[0m  [1m[34mSELECT pg_try_advisory_lock(5073945470573576205) /*application='Backend'*/[0m
  [1m[36mActiveRecord::SchemaMigration Load (1.2ms)[0m  [1m[34mSELECT "schema_migrations"."version" FROM "schema_migrations" ORDER BY "schema_migrations"."version" ASC /*application='Backend'*/[0m
  [1m[36mActiveRecord::InternalMetadata Load (12.0ms)[0m  [1m[34mSELECT * FROM "ar_internal_metadata" WHERE "ar_internal_metadata"."key" = 'environment' ORDER BY "ar_internal_metadata"."key" ASC LIMIT 1 /*application='Backend'*/[0m
  [1m[36mActiveRecord::InternalMetadata Create (5.6ms)[0m  [1m[32mINSERT INTO "ar_internal_metadata" ("key", "value", "created_at", "updated_at") VALUES ('environment', 'development', '2026-08-13 00:28:51.331242', '2026-08-13 00:28:51.331245') RETURNING "key" /*application='Backend'*/[0m
Migrating to CreateUsers (20260813002843)
  [1m[36mTRANSACTION (0.1ms)[0m  [1m[35mBEGIN /*application='Backend'*/[0m
  [1m[35m (17.7ms)[0m  [1m[35mCREATE TABLE "users" ("id" bigserial primary key, "name" character varying, "email" character varying, "created_at" timestamp(6) NOT NULL, "updated_at" timestamp(6) NOT NULL) /*application='Backend'*/[0m
  [1m[35m (2.5ms)[0m  [1m[35mCREATE UNIQUE INDEX "index_users_on_email" ON "users" ("email") /*application='Backend'*/[0m
  [1m[36mActiveRecord::SchemaMigration Create (0.3ms)[0m  [1m[32mINSERT INTO "schema_migrations" ("version") VALUES ('20260813002843') RETURNING "version" /*application='Backend'*/[0m
  [1m[36mTRANSACTION (0.4ms)[0m  [1m[35mCOMMIT /*application='Backend'*/[0m
Migrating to CreateCommunities (20260813002844)
  [1m[36mTRANSACTION (1.2ms)[0m  [1m[35mBEGIN /*application='Backend'*/[0m
  [1m[35m (7.2ms)[0m  [1m[35mCREATE TABLE "communities" ("id" bigserial primary key, "name" character varying, "slug" character varying, "description" text, "topic" character varying, "created_at" timestamp(6) NOT NULL, "updated_at" timestamp(6) NOT NULL) /*application='Backend'*/[0m
  [1m[35m (1.3ms)[0m  [1m[35mCREATE UNIQUE INDEX "index_communities_on_slug" ON "communities" ("slug") /*application='Backend'*/[0m
  [1m[36mActiveRecord::SchemaMigration Create (4.3ms)[0m  [1m[32mINSERT INTO "schema_migrations" ("version") VALUES ('20260813002844') RETURNING "version" /*application='Backend'*/[0m
  [1m[36mTRANSACTION (0.4ms)[0m  [1m[35mCOMMIT /*application='Backend'*/[0m
Migrating to CreatePosts (20260813002845)
  [1m[36mTRANSACTION (0.6ms)[0m  [1m[35mBEGIN /*application='Backend'*/[0m
  [1m[35m (9.6ms)[0m  [1m[35mCREATE TABLE "posts" ("id" bigserial primary key, "user_id" bigint NOT NULL, "community_id" bigint NOT NULL, "title" character varying, "content" text, "post_type" integer, "status" integer, "published_at" timestamp(6), "created_at" timestamp(6) NOT NULL, "updated_at" timestamp(6) NOT NULL, CONSTRAINT "fk_rails_5b5ddfd518"
FOREIGN KEY ("user_id")
  REFERENCES "users" ("id")
, CONSTRAINT "fk_rails_e070049175"
FOREIGN KEY ("community_id")
  REFERENCES "communities" ("id")
) /*application='Backend'*/[0m
  [1m[35m (1.7ms)[0m  [1m[35mCREATE INDEX "index_posts_on_user_id" ON "posts" ("user_id") /*application='Backend'*/[0m
  [1m[35m (1.0ms)[0m  [1m[35mCREATE INDEX "index_posts_on_community_id" ON "posts" ("community_id") /*application='Backend'*/[0m
  [1m[36mActiveRecord::SchemaMigration Create (0.5ms)[0m  [1m[32mINSERT INTO "schema_migrations" ("version") VALUES ('20260813002845') RETURNING "version" /*application='Backend'*/[0m
  [1m[36mTRANSACTION (0.4ms)[0m  [1m[35mCOMMIT /*application='Backend'*/[0m
Migrating to CreateComments (20260813002846)
  [1m[36mTRANSACTION (0.3ms)[0m  [1m[35mBEGIN /*application='Backend'*/[0m
  [1m[35m (10.6ms)[0m  [1m[35mCREATE TABLE "comments" ("id" bigserial primary key, "user_id" bigint NOT NULL, "post_id" bigint NOT NULL, "content" text, "created_at" timestamp(6) NOT NULL, "updated_at" timestamp(6) NOT NULL, CONSTRAINT "fk_rails_03de2dc08c"
FOREIGN KEY ("user_id")
  REFERENCES "users" ("id")
, CONSTRAINT "fk_rails_2fd19c0db7"
FOREIGN KEY ("post_id")
  REFERENCES "posts" ("id")
) /*application='Backend'*/[0m
  [1m[35m (1.0ms)[0m  [1m[35mCREATE INDEX "index_comments_on_user_id" ON "comments" ("user_id") /*application='Backend'*/[0m
  [1m[35m (2.2ms)[0m  [1m[35mCREATE INDEX "index_comments_on_post_id" ON "comments" ("post_id") /*application='Backend'*/[0m
  [1m[36mActiveRecord::SchemaMigration Create (0.3ms)[0m  [1m[32mINSERT INTO "schema_migrations" ("version") VALUES ('20260813002846') RETURNING "version" /*application='Backend'*/[0m
  [1m[36mTRANSACTION (1.2ms)[0m  [1m[35mCOMMIT /*application='Backend'*/[0m
Migrating to CreateReactions (20260813002847)
  [1m[36mTRANSACTION (0.7ms)[0m  [1m[35mBEGIN /*application='Backend'*/[0m
  [1m[35m (29.0ms)[0m  [1m[35mCREATE TABLE "reactions" ("id" bigserial primary key, "user_id" bigint NOT NULL, "post_id" bigint NOT NULL, "kind" integer, "created_at" timestamp(6) NOT NULL, "updated_at" timestamp(6) NOT NULL, CONSTRAINT "fk_rails_9f02fc96a0"
FOREIGN KEY ("user_id")
  REFERENCES "users" ("id")
, CONSTRAINT "fk_rails_cb32010de7"
FOREIGN KEY ("post_id")
  REFERENCES "posts" ("id")
) /*application='Backend'*/[0m
  [1m[35m (1.4ms)[0m  [1m[35mCREATE INDEX "index_reactions_on_user_id" ON "reactions" ("user_id") /*application='Backend'*/[0m
  [1m[35m (0.8ms)[0m  [1m[35mCREATE INDEX "index_reactions_on_post_id" ON "reactions" ("post_id") /*application='Backend'*/[0m
  [1m[36mActiveRecord::SchemaMigration Create (0.2ms)[0m  [1m[32mINSERT INTO "schema_migrations" ("version") VALUES ('20260813002847') RETURNING "version" /*application='Backend'*/[0m
  [1m[36mTRANSACTION (0.3ms)[0m  [1m[35mCOMMIT /*application='Backend'*/[0m
  [1m[35m (1.0ms)[0m  [1m[34mSELECT pg_advisory_unlock(5073945470573576205) /*application='Backend'*/[0m
  [1m[36mActiveRecord::SchemaMigration Load (0.2ms)[0m  [1m[34mSELECT "schema_migrations"."version" FROM "schema_migrations" ORDER BY "schema_migrations"."version" ASC /*application='Backend'*/[0m
  [1m[35mSQL (0.1ms)[0m  [1m[35mSET search_path TO public /*application='Backend'*/[0m
  [1m[35mSQL (0.1ms)[0m  [1m[35mSET search_path TO "$user", public /*application='Backend'*/[0m
  [1m[35mSQL (0.2ms)[0m  [1m[35mSET search_path TO public /*application='Backend'*/[0m
  [1m[35mSQL (0.1ms)[0m  [1m[35mSET search_path TO "$user", public /*application='Backend'*/[0m
Using vips to process variants requires the libvips library. Please install libvips using the instructions on the libvips website.
  [1m[36mUser Exists? (1.7ms)[0m  [1m[34mSELECT 1 AS one FROM "users" WHERE "users"."email" = 'johan@example.com' LIMIT 1 /*application='Backend'*/[0m
Using vips to process variants requires the libvips library. Please install libvips using the instructions on the libvips website.
  [1m[36mActiveRecord::SchemaMigration Load (0.8ms)[0m  [1m[34mSELECT "schema_migrations"."version" FROM "schema_migrations" ORDER BY "schema_migrations"."version" ASC /*application='Backend'*/[0m
Using vips to process variants requires the libvips library. Please install libvips using the instructions on the libvips website.
Using vips to process variants requires the libvips library. Please install libvips using the instructions on the libvips website.
Started GET "/api/v1/communities" for 127.0.0.1 at 2026-08-12 19:45:11 -0500
  [1m[36mActiveRecord::SchemaMigration Load (0.9ms)[0m  [1m[34mSELECT "schema_migrations"."version" FROM "schema_migrations" ORDER BY "schema_migrations"."version" ASC /*application='Backend'*/[0m
Processing by Api::V1::CommunitiesController#index as */*
  [1m[36mCommunity Load (4.6ms)[0m  [1m[34mSELECT "communities".* FROM "communities" ORDER BY "communities"."created_at" DESC /*action='index',application='Backend',controller='communities'*/[0m
  ↳ app/controllers/api/v1/communities_controller.rb:7:in 'Enumerable#map'
Completed 200 OK in 60ms (Views: 0.9ms | ActiveRecord: 13.1ms (1 query, 0 cached) | GC: 0.0ms)


Started GET "/api/v1/posts" for 127.0.0.1 at 2026-08-12 19:45:11 -0500
Processing by Api::V1::PostsController#index as */*
  [1m[36mPost Load (6.7ms)[0m  [1m[34mSELECT "posts".* FROM "posts" ORDER BY "posts"."created_at" DESC /*action='index',application='Backend',controller='posts'*/[0m
  ↳ app/controllers/api/v1/posts_controller.rb:8:in 'Enumerable#map'
Completed 200 OK in 26ms (Views: 0.1ms | ActiveRecord: 8.1ms (1 query, 0 cached) | GC: 0.0ms)


Using vips to process variants requires the libvips library. Please install libvips using the instructions on the libvips website.
  [1m[36mActiveRecord::SchemaMigration Load (0.8ms)[0m  [1m[34mSELECT "schema_migrations"."version" FROM "schema_migrations" ORDER BY "schema_migrations"."version" ASC /*application='Backend'*/[0m
  [1m[36mUser Load (0.6ms)[0m  [1m[34mSELECT "users".* FROM "users" WHERE "users"."email" = 'johan@newsflow.com' LIMIT 1 /*application='Backend'*/[0m
  [1m[36mTRANSACTION (0.1ms)[0m  [1m[35mBEGIN /*application='Backend'*/[0m
  [1m[36mUser Exists? (0.3ms)[0m  [1m[34mSELECT 1 AS one FROM "users" WHERE "users"."email" = 'johan@newsflow.com' LIMIT 1 /*application='Backend'*/[0m
  [1m[36mUser Create (3.8ms)[0m  [1m[32mINSERT INTO "users" ("name", "email", "created_at", "updated_at") VALUES ('Johan Veloz', 'johan@newsflow.com', '2026-08-13 00:46:31.945646', '2026-08-13 00:46:31.945646') RETURNING "id" /*application='Backend'*/[0m
  [1m[36mTRANSACTION (0.4ms)[0m  [1m[35mCOMMIT /*application='Backend'*/[0m
  [1m[36mUser Load (0.2ms)[0m  [1m[34mSELECT "users".* FROM "users" WHERE "users"."email" = 'xavier@newsflow.com' LIMIT 1 /*application='Backend'*/[0m
  [1m[36mTRANSACTION (0.1ms)[0m  [1m[35mBEGIN /*application='Backend'*/[0m
  [1m[36mUser Exists? (1.5ms)[0m  [1m[34mSELECT 1 AS one FROM "users" WHERE "users"."email" = 'xavier@newsflow.com' LIMIT 1 /*application='Backend'*/[0m
  [1m[36mUser Create (0.4ms)[0m  [1m[32mINSERT INTO "users" ("name", "email", "created_at", "updated_at") VALUES ('Xavier Camacho', 'xavier@newsflow.com', '2026-08-13 00:46:31.957279', '2026-08-13 00:46:31.957279') RETURNING "id" /*application='Backend'*/[0m
  [1m[36mTRANSACTION (0.4ms)[0m  [1m[35mCOMMIT /*application='Backend'*/[0m
  [1m[36mCommunity Load (0.4ms)[0m  [1m[34mSELECT "communities".* FROM "communities" WHERE "communities"."slug" = 'tecnologia' LIMIT 1 /*application='Backend'*/[0m
  [1m[36mTRANSACTION (0.1ms)[0m  [1m[35mBEGIN /*application='Backend'*/[0m
  [1m[36mCommunity Exists? (0.2ms)[0m  [1m[34mSELECT 1 AS one FROM "communities" WHERE "communities"."slug" = 'tecnologia' LIMIT 1 /*application='Backend'*/[0m
  [1m[36mCommunity Create (0.9ms)[0m  [1m[32mINSERT INTO "communities" ("name", "slug", "description", "topic", "created_at", "updated_at") VALUES ('Tecnología', 'tecnologia', 'Noticias y conversaciones sobre tecnología.', 'Tecnología', '2026-08-13 00:46:31.989776', '2026-08-13 00:46:31.989776') RETURNING "id" /*application='Backend'*/[0m
  [1m[36mTRANSACTION (0.4ms)[0m  [1m[35mCOMMIT /*application='Backend'*/[0m
  [1m[36mCommunity Load (0.3ms)[0m  [1m[34mSELECT "communities".* FROM "communities" WHERE "communities"."slug" = 'deportes' LIMIT 1 /*application='Backend'*/[0m
  [1m[36mTRANSACTION (0.1ms)[0m  [1m[35mBEGIN /*application='Backend'*/[0m
  [1m[36mCommunity Exists? (1.7ms)[0m  [1m[34mSELECT 1 AS one FROM "communities" WHERE "communities"."slug" = 'deportes' LIMIT 1 /*application='Backend'*/[0m
  [1m[36mCommunity Create (0.2ms)[0m  [1m[32mINSERT INTO "communities" ("name", "slug", "description", "topic", "created_at", "updated_at") VALUES ('Deportes', 'deportes', 'Actualidad y análisis deportivo.', 'Deportes', '2026-08-13 00:46:32.003018', '2026-08-13 00:46:32.003018') RETURNING "id" /*application='Backend'*/[0m
  [1m[36mTRANSACTION (0.4ms)[0m  [1m[35mCOMMIT /*application='Backend'*/[0m
  [1m[36mCommunity Load (0.3ms)[0m  [1m[34mSELECT "communities".* FROM "communities" WHERE "communities"."slug" = 'ciencia' LIMIT 1 /*application='Backend'*/[0m
  [1m[36mTRANSACTION (0.1ms)[0m  [1m[35mBEGIN /*application='Backend'*/[0m
  [1m[36mCommunity Exists? (1.7ms)[0m  [1m[34mSELECT 1 AS one FROM "communities" WHERE "communities"."slug" = 'ciencia' LIMIT 1 /*application='Backend'*/[0m
  [1m[36mCommunity Create (0.3ms)[0m  [1m[32mINSERT INTO "communities" ("name", "slug", "description", "topic", "created_at", "updated_at") VALUES ('Ciencia', 'ciencia', 'Descubrimientos y avances científicos.', 'Ciencia', '2026-08-13 00:46:32.011721', '2026-08-13 00:46:32.011721') RETURNING "id" /*application='Backend'*/[0m
  [1m[36mTRANSACTION (0.4ms)[0m  [1m[35mCOMMIT /*application='Backend'*/[0m
  [1m[36mPost Load (0.5ms)[0m  [1m[34mSELECT "posts".* FROM "posts" WHERE "posts"."title" = 'La inteligencia artificial continúa transformando la tecnología' LIMIT 1 /*application='Backend'*/[0m
  [1m[36mTRANSACTION (0.1ms)[0m  [1m[35mBEGIN /*application='Backend'*/[0m
  [1m[36mPost Create (5.5ms)[0m  [1m[32mINSERT INTO "posts" ("user_id", "community_id", "title", "content", "post_type", "status", "published_at", "created_at", "updated_at") VALUES (1, 1, 'La inteligencia artificial continúa transformando la tecnología', 'Las nuevas herramientas de inteligencia artificial están cambiando la forma de trabajar y aprender.', 0, 1, '2026-08-13 00:46:32.039062', '2026-08-13 00:46:32.041672', '2026-08-13 00:46:32.041672') RETURNING "id" /*application='Backend'*/[0m
  [1m[36mTRANSACTION (0.4ms)[0m  [1m[35mCOMMIT /*application='Backend'*/[0m
  [1m[36mPost Load (0.2ms)[0m  [1m[34mSELECT "posts".* FROM "posts" WHERE "posts"."title" = 'Innovaciones tecnológicas que marcarán el futuro' LIMIT 1 /*application='Backend'*/[0m
  [1m[36mTRANSACTION (0.1ms)[0m  [1m[35mBEGIN /*application='Backend'*/[0m
  [1m[36mPost Create (1.9ms)[0m  [1m[32mINSERT INTO "posts" ("user_id", "community_id", "title", "content", "post_type", "status", "published_at", "created_at", "updated_at") VALUES (2, 1, 'Innovaciones tecnológicas que marcarán el futuro', 'Las tendencias actuales apuntan hacia sistemas más conectados, automatizados y sostenibles.', 2, 1, '2026-08-13 00:46:32.052874', '2026-08-13 00:46:32.053125', '2026-08-13 00:46:32.053125') RETURNING "id" /*application='Backend'*/[0m
  [1m[36mTRANSACTION (0.3ms)[0m  [1m[35mCOMMIT /*application='Backend'*/[0m
  [1m[36mPost Load (0.5ms)[0m  [1m[34mSELECT "posts".* FROM "posts" WHERE "posts"."title" = 'Resultados destacados de la jornada deportiva' LIMIT 1 /*application='Backend'*/[0m
  [1m[36mTRANSACTION (0.1ms)[0m  [1m[35mBEGIN /*application='Backend'*/[0m
  [1m[36mPost Create (2.2ms)[0m  [1m[32mINSERT INTO "posts" ("user_id", "community_id", "title", "content", "post_type", "status", "published_at", "created_at", "updated_at") VALUES (2, 2, 'Resultados destacados de la jornada deportiva', 'Resumen de los principales resultados y noticias de la jornada.', 0, 1, '2026-08-13 00:46:32.061079', '2026-08-13 00:46:32.061336', '2026-08-13 00:46:32.061336') RETURNING "id" /*application='Backend'*/[0m
  [1m[36mTRANSACTION (0.3ms)[0m  [1m[35mCOMMIT /*application='Backend'*/[0m
  [1m[36mPost Load (0.2ms)[0m  [1m[34mSELECT "posts".* FROM "posts" WHERE "posts"."title" = 'Nuevo descubrimiento científico genera interés' LIMIT 1 /*application='Backend'*/[0m
  [1m[36mTRANSACTION (0.1ms)[0m  [1m[35mBEGIN /*application='Backend'*/[0m
  [1m[36mPost Create (1.9ms)[0m  [1m[32mINSERT INTO "posts" ("user_id", "community_id", "title", "content", "post_type", "status", "published_at", "created_at", "updated_at") VALUES (1, 3, 'Nuevo descubrimiento científico genera interés', 'Un nuevo avance científico abre posibilidades para futuras investigaciones.', 0, 1, '2026-08-13 00:46:32.067869', '2026-08-13 00:46:32.068100', '2026-08-13 00:46:32.068100') RETURNING "id" /*application='Backend'*/[0m
  [1m[36mTRANSACTION (0.4ms)[0m  [1m[35mCOMMIT /*application='Backend'*/[0m
Using vips to process variants requires the libvips library. Please install libvips using the instructions on the libvips website.
Started GET "/api/v1/communities" for 127.0.0.1 at 2026-08-12 19:46:47 -0500
  [1m[36mActiveRecord::SchemaMigration Load (0.7ms)[0m  [1m[34mSELECT "schema_migrations"."version" FROM "schema_migrations" ORDER BY "schema_migrations"."version" ASC /*application='Backend'*/[0m
Processing by Api::V1::CommunitiesController#index as */*
  [1m[36mCommunity Load (1.3ms)[0m  [1m[34mSELECT "communities".* FROM "communities" ORDER BY "communities"."created_at" DESC /*action='index',application='Backend',controller='communities'*/[0m
  ↳ app/controllers/api/v1/communities_controller.rb:7:in 'Enumerable#map'
  [1m[36mPost Count (3.1ms)[0m  [1m[34mSELECT COUNT(*) FROM "posts" WHERE "posts"."community_id" = 3 /*action='index',application='Backend',controller='communities'*/[0m
  ↳ app/controllers/api/v1/communities_controller.rb:34:in 'Api::V1::CommunitiesController#community_json'
  [1m[36mPost Count (0.3ms)[0m  [1m[34mSELECT COUNT(*) FROM "posts" WHERE "posts"."community_id" = 2 /*action='index',application='Backend',controller='communities'*/[0m
  ↳ app/controllers/api/v1/communities_controller.rb:34:in 'Api::V1::CommunitiesController#community_json'
  [1m[36mPost Count (0.2ms)[0m  [1m[34mSELECT COUNT(*) FROM "posts" WHERE "posts"."community_id" = 1 /*action='index',application='Backend',controller='communities'*/[0m
  ↳ app/controllers/api/v1/communities_controller.rb:34:in 'Api::V1::CommunitiesController#community_json'
Completed 200 OK in 100ms (Views: 0.8ms | ActiveRecord: 16.0ms (4 queries, 0 cached) | GC: 0.0ms)


Started GET "/api/v1/communities" for 127.0.0.1 at 2026-08-12 19:46:55 -0500
Processing by Api::V1::CommunitiesController#index as */*
  [1m[36mCommunity Load (0.4ms)[0m  [1m[34mSELECT "communities".* FROM "communities" ORDER BY "communities"."created_at" DESC /*action='index',application='Backend',controller='communities'*/[0m
  ↳ app/controllers/api/v1/communities_controller.rb:7:in 'Enumerable#map'
  [1m[36mPost Count (0.3ms)[0m  [1m[34mSELECT COUNT(*) FROM "posts" WHERE "posts"."community_id" = 3 /*action='index',application='Backend',controller='communities'*/[0m
  ↳ app/controllers/api/v1/communities_controller.rb:34:in 'Api::V1::CommunitiesController#community_json'
  [1m[36mPost Count (0.3ms)[0m  [1m[34mSELECT COUNT(*) FROM "posts" WHERE "posts"."community_id" = 2 /*action='index',application='Backend',controller='communities'*/[0m
  ↳ app/controllers/api/v1/communities_controller.rb:34:in 'Api::V1::CommunitiesController#community_json'
  [1m[36mPost Count (0.2ms)[0m  [1m[34mSELECT COUNT(*) FROM "posts" WHERE "posts"."community_id" = 1 /*action='index',application='Backend',controller='communities'*/[0m
  ↳ app/controllers/api/v1/communities_controller.rb:34:in 'Api::V1::CommunitiesController#community_json'
Completed 200 OK in 6ms (Views: 0.1ms | ActiveRecord: 1.1ms (4 queries, 0 cached) | GC: 0.0ms)


Started GET "/api/v1/posts" for 127.0.0.1 at 2026-08-12 19:47:01 -0500
Processing by Api::V1::PostsController#index as */*
  [1m[36mPost Load (0.3ms)[0m  [1m[34mSELECT "posts".* FROM "posts" ORDER BY "posts"."created_at" DESC /*action='index',application='Backend',controller='posts'*/[0m
  ↳ app/controllers/api/v1/posts_controller.rb:8:in 'Enumerable#map'
  [1m[36mUser Load (0.7ms)[0m  [1m[34mSELECT "users".* FROM "users" WHERE "users"."id" IN (1, 2) /*action='index',application='Backend',controller='posts'*/[0m
  ↳ app/controllers/api/v1/posts_controller.rb:8:in 'Enumerable#map'
  [1m[36mCommunity Load (0.4ms)[0m  [1m[34mSELECT "communities".* FROM "communities" WHERE "communities"."id" IN (3, 2, 1) /*action='index',application='Backend',controller='posts'*/[0m
  ↳ app/controllers/api/v1/posts_controller.rb:8:in 'Enumerable#map'
Completed 200 OK in 30ms (Views: 0.1ms | ActiveRecord: 2.8ms (3 queries, 0 cached) | GC: 0.0ms)


Started GET "/api/v1/communities/1" for 127.0.0.1 at 2026-08-12 19:47:08 -0500
Processing by Api::V1::CommunitiesController#show as */*
  Parameters: {"id" => "1"}
  [1m[36mCommunity Load (0.3ms)[0m  [1m[34mSELECT "communities".* FROM "communities" WHERE "communities"."id" = 1 LIMIT 1 /*action='show',application='Backend',controller='communities'*/[0m
  ↳ app/controllers/api/v1/communities_controller.rb:11:in 'Api::V1::CommunitiesController#show'
  [1m[36mPost Load (0.4ms)[0m  [1m[34mSELECT "posts".* FROM "posts" WHERE "posts"."community_id" = 1 ORDER BY "posts"."created_at" DESC /*action='show',application='Backend',controller='communities'*/[0m
  ↳ app/controllers/api/v1/communities_controller.rb:19:in 'Enumerable#map'
  [1m[36mUser Load (0.3ms)[0m  [1m[34mSELECT "users".* FROM "users" WHERE "users"."id" = 2 LIMIT 1 /*action='show',application='Backend',controller='communities'*/[0m
  ↳ app/controllers/api/v1/communities_controller.rb:47:in 'Api::V1::CommunitiesController#post_json'
  [1m[36mUser Load (0.2ms)[0m  [1m[34mSELECT "users".* FROM "users" WHERE "users"."id" = 1 LIMIT 1 /*action='show',application='Backend',controller='communities'*/[0m
  ↳ app/controllers/api/v1/communities_controller.rb:47:in 'Api::V1::CommunitiesController#post_json'
Completed 200 OK in 8ms (Views: 0.1ms | ActiveRecord: 1.2ms (4 queries, 0 cached) | GC: 0.0ms)


Using vips to process variants requires the libvips library. Please install libvips using the instructions on the libvips website.
Started POST "/api/v1/posts" for 127.0.0.1 at 2026-08-12 19:50:47 -0500
  [1m[36mActiveRecord::SchemaMigration Load (0.9ms)[0m  [1m[34mSELECT "schema_migrations"."version" FROM "schema_migrations" ORDER BY "schema_migrations"."version" ASC /*application='Backend'*/[0m
Processing by Api::V1::PostsController#create as */*
  Parameters: {"post" => {"user_id" => 1, "community_id" => 1, "title" => "Publicación creada desde la API", "content" => "Esta publicación fue registrada mediante una solicitud POST.", "post_type" => "discussion", "status" => "published"}}
  [1m[36mTRANSACTION (0.1ms)[0m  [1m[35mBEGIN /*action='create',application='Backend',controller='posts'*/[0m
  ↳ app/controllers/api/v1/posts_controller.rb:32:in 'Api::V1::PostsController#create'
  [1m[36mUser Load (0.6ms)[0m  [1m[34mSELECT "users".* FROM "users" WHERE "users"."id" = 1 LIMIT 1 /*action='create',application='Backend',controller='posts'*/[0m
  ↳ app/controllers/api/v1/posts_controller.rb:32:in 'Api::V1::PostsController#create'
  [1m[36mCommunity Load (0.5ms)[0m  [1m[34mSELECT "communities".* FROM "communities" WHERE "communities"."id" = 1 LIMIT 1 /*action='create',application='Backend',controller='posts'*/[0m
  ↳ app/controllers/api/v1/posts_controller.rb:32:in 'Api::V1::PostsController#create'
  [1m[36mPost Create (1.8ms)[0m  [1m[32mINSERT INTO "posts" ("user_id", "community_id", "title", "content", "post_type", "status", "published_at", "created_at", "updated_at") VALUES (1, 1, 'Publicación creada desde la API', 'Esta publicación fue registrada mediante una solicitud POST.', 0, 1, NULL, '2026-08-13 00:50:47.789684', '2026-08-13 00:50:47.789684') RETURNING "id" /*action='create',application='Backend',controller='posts'*/[0m
  ↳ app/controllers/api/v1/posts_controller.rb:32:in 'Api::V1::PostsController#create'
  [1m[36mTRANSACTION (0.9ms)[0m  [1m[35mCOMMIT /*action='create',application='Backend',controller='posts'*/[0m
  ↳ app/controllers/api/v1/posts_controller.rb:32:in 'Api::V1::PostsController#create'
Completed 201 Created in 83ms (Views: 0.3ms | ActiveRecord: 17.7ms (3 queries, 0 cached) | GC: 0.0ms)


Started POST "/api/v1/communities/1/posts" for 127.0.0.1 at 2026-08-12 19:51:26 -0500
Processing by Api::V1::PostsController#create as */*
  Parameters: {"post" => {"user_id" => 1, "title" => "Nueva publicación en Tecnología", "content" => "Contenido de prueba para la comunidad.", "post_type" => "opinion", "status" => "published"}, "community_id" => "1"}
  [1m[36mTRANSACTION (0.2ms)[0m  [1m[35mBEGIN /*action='create',application='Backend',controller='posts'*/[0m
  ↳ app/controllers/api/v1/posts_controller.rb:32:in 'Api::V1::PostsController#create'
  [1m[36mUser Load (1.8ms)[0m  [1m[34mSELECT "users".* FROM "users" WHERE "users"."id" = 1 LIMIT 1 /*action='create',application='Backend',controller='posts'*/[0m
  ↳ app/controllers/api/v1/posts_controller.rb:32:in 'Api::V1::PostsController#create'
  [1m[36mCommunity Load (0.3ms)[0m  [1m[34mSELECT "communities".* FROM "communities" WHERE "communities"."id" = 1 LIMIT 1 /*action='create',application='Backend',controller='posts'*/[0m
  ↳ app/controllers/api/v1/posts_controller.rb:32:in 'Api::V1::PostsController#create'
  [1m[36mPost Create (0.5ms)[0m  [1m[32mINSERT INTO "posts" ("user_id", "community_id", "title", "content", "post_type", "status", "published_at", "created_at", "updated_at") VALUES (1, 1, 'Nueva publicación en Tecnología', 'Contenido de prueba para la comunidad.', 2, 1, NULL, '2026-08-13 00:51:26.907511', '2026-08-13 00:51:26.907511') RETURNING "id" /*action='create',application='Backend',controller='posts'*/[0m
  ↳ app/controllers/api/v1/posts_controller.rb:32:in 'Api::V1::PostsController#create'
  [1m[36mTRANSACTION (0.4ms)[0m  [1m[35mCOMMIT /*action='create',application='Backend',controller='posts'*/[0m
  ↳ app/controllers/api/v1/posts_controller.rb:32:in 'Api::V1::PostsController#create'
Completed 201 Created in 10ms (Views: 0.1ms | ActiveRecord: 3.3ms (3 queries, 0 cached) | GC: 0.0ms)


Started GET "/api/v1/posts" for 127.0.0.1 at 2026-08-12 19:51:39 -0500
Processing by Api::V1::PostsController#index as */*
  [1m[36mPost Load (1.7ms)[0m  [1m[34mSELECT "posts".* FROM "posts" ORDER BY "posts"."created_at" DESC /*action='index',application='Backend',controller='posts'*/[0m
  ↳ app/controllers/api/v1/posts_controller.rb:12:in 'Enumerable#map'
  [1m[36mUser Load (0.5ms)[0m  [1m[34mSELECT "users".* FROM "users" WHERE "users"."id" IN (1, 2) /*action='index',application='Backend',controller='posts'*/[0m
  ↳ app/controllers/api/v1/posts_controller.rb:12:in 'Enumerable#map'
  [1m[36mCommunity Load (0.2ms)[0m  [1m[34mSELECT "communities".* FROM "communities" WHERE "communities"."id" IN (1, 3, 2) /*action='index',application='Backend',controller='posts'*/[0m
  ↳ app/controllers/api/v1/posts_controller.rb:12:in 'Enumerable#map'
Completed 200 OK in 25ms (Views: 0.2ms | ActiveRecord: 2.4ms (3 queries, 0 cached) | GC: 0.0ms)


Using vips to process variants requires the libvips library. Please install libvips using the instructions on the libvips website.
Started POST "/api/v1/posts/1/comments" for 127.0.0.1 at 2026-08-12 19:54:24 -0500
  [1m[36mActiveRecord::SchemaMigration Load (0.8ms)[0m  [1m[34mSELECT "schema_migrations"."version" FROM "schema_migrations" ORDER BY "schema_migrations"."version" ASC /*application='Backend'*/[0m
Processing by Api::V1::CommentsController#create as */*
  Parameters: {"comment" => {"user_id" => 2, "content" => "Me parece una publicación muy interesante."}, "post_id" => "1"}
  [1m[36mPost Load (0.7ms)[0m  [1m[34mSELECT "posts".* FROM "posts" WHERE "posts"."id" = 1 LIMIT 1 /*action='create',application='Backend',controller='comments'*/[0m
  ↳ app/controllers/api/v1/comments_controller.rb:29:in 'Api::V1::CommentsController#set_post'
  [1m[36mTRANSACTION (0.1ms)[0m  [1m[35mBEGIN /*action='create',application='Backend',controller='comments'*/[0m
  ↳ app/controllers/api/v1/comments_controller.rb:17:in 'Api::V1::CommentsController#create'
  [1m[36mUser Load (0.5ms)[0m  [1m[34mSELECT "users".* FROM "users" WHERE "users"."id" = 2 LIMIT 1 /*action='create',application='Backend',controller='comments'*/[0m
  ↳ app/controllers/api/v1/comments_controller.rb:17:in 'Api::V1::CommentsController#create'
  [1m[36mComment Create (7.3ms)[0m  [1m[32mINSERT INTO "comments" ("user_id", "post_id", "content", "created_at", "updated_at") VALUES (2, 1, 'Me parece una publicación muy interesante.', '2026-08-13 00:54:25.182747', '2026-08-13 00:54:25.182747') RETURNING "id" /*action='create',application='Backend',controller='comments'*/[0m
  ↳ app/controllers/api/v1/comments_controller.rb:17:in 'Api::V1::CommentsController#create'
  [1m[36mTRANSACTION (0.4ms)[0m  [1m[35mCOMMIT /*action='create',application='Backend',controller='comments'*/[0m
  ↳ app/controllers/api/v1/comments_controller.rb:17:in 'Api::V1::CommentsController#create'
Completed 201 Created in 96ms (Views: 0.3ms | ActiveRecord: 36.4ms (3 queries, 0 cached) | GC: 0.0ms)


Started GET "/api/v1/posts/1/comments" for 127.0.0.1 at 2026-08-12 19:54:31 -0500
Processing by Api::V1::CommentsController#index as */*
  Parameters: {"post_id" => "1"}
  [1m[36mPost Load (0.4ms)[0m  [1m[34mSELECT "posts".* FROM "posts" WHERE "posts"."id" = 1 LIMIT 1 /*action='index',application='Backend',controller='comments'*/[0m
  ↳ app/controllers/api/v1/comments_controller.rb:29:in 'Api::V1::CommentsController#set_post'
  [1m[36mComment Load (0.9ms)[0m  [1m[34mSELECT "comments".* FROM "comments" WHERE "comments"."post_id" = 1 ORDER BY "comments"."created_at" ASC /*action='index',application='Backend',controller='comments'*/[0m
  ↳ app/controllers/api/v1/comments_controller.rb:11:in 'Enumerable#map'
  [1m[36mUser Load (0.4ms)[0m  [1m[34mSELECT "users".* FROM "users" WHERE "users"."id" = 2 /*action='index',application='Backend',controller='comments'*/[0m
  ↳ app/controllers/api/v1/comments_controller.rb:11:in 'Enumerable#map'
Completed 200 OK in 15ms (Views: 0.1ms | ActiveRecord: 1.6ms (3 queries, 0 cached) | GC: 0.0ms)


Started POST "/api/v1/posts/1/reactions" for 127.0.0.1 at 2026-08-12 19:54:37 -0500
Processing by Api::V1::ReactionsController#create as */*
  Parameters: {"reaction" => {"user_id" => 2, "kind" => "like"}, "post_id" => "1"}
  [1m[36mPost Load (0.3ms)[0m  [1m[34mSELECT "posts".* FROM "posts" WHERE "posts"."id" = 1 LIMIT 1 /*action='create',application='Backend',controller='reactions'*/[0m
  ↳ app/controllers/api/v1/reactions_controller.rb:40:in 'Api::V1::ReactionsController#set_post'
  [1m[36mReaction Load (1.9ms)[0m  [1m[34mSELECT "reactions".* FROM "reactions" WHERE "reactions"."post_id" = 1 AND "reactions"."user_id" = 2 LIMIT 1 /*action='create',application='Backend',controller='reactions'*/[0m
  ↳ app/controllers/api/v1/reactions_controller.rb:15:in 'Api::V1::ReactionsController#create'
  [1m[36mTRANSACTION (0.1ms)[0m  [1m[35mBEGIN /*action='create',application='Backend',controller='reactions'*/[0m
  ↳ app/controllers/api/v1/reactions_controller.rb:21:in 'Api::V1::ReactionsController#create'
  [1m[36mUser Load (1.7ms)[0m  [1m[34mSELECT "users".* FROM "users" WHERE "users"."id" = 2 LIMIT 1 /*action='create',application='Backend',controller='reactions'*/[0m
  ↳ app/controllers/api/v1/reactions_controller.rb:21:in 'Api::V1::ReactionsController#create'
  [1m[36mReaction Exists? (0.2ms)[0m  [1m[34mSELECT 1 AS one FROM "reactions" WHERE "reactions"."user_id" = 2 AND "reactions"."post_id" = 1 LIMIT 1 /*action='create',application='Backend',controller='reactions'*/[0m
  ↳ app/controllers/api/v1/reactions_controller.rb:21:in 'Api::V1::ReactionsController#create'
  [1m[36mReaction Create (2.9ms)[0m  [1m[32mINSERT INTO "reactions" ("user_id", "post_id", "kind", "created_at", "updated_at") VALUES (2, 1, 0, '2026-08-13 00:54:37.999090', '2026-08-13 00:54:37.999090') RETURNING "id" /*action='create',application='Backend',controller='reactions'*/[0m
  ↳ app/controllers/api/v1/reactions_controller.rb:21:in 'Api::V1::ReactionsController#create'
  [1m[36mTRANSACTION (0.4ms)[0m  [1m[35mCOMMIT /*action='create',application='Backend',controller='reactions'*/[0m
  ↳ app/controllers/api/v1/reactions_controller.rb:21:in 'Api::V1::ReactionsController#create'
Completed 201 Created in 22ms (Views: 0.1ms | ActiveRecord: 9.5ms (5 queries, 0 cached) | GC: 0.0ms)


Started GET "/api/v1/posts/1/reactions" for 127.0.0.1 at 2026-08-12 19:54:47 -0500
Processing by Api::V1::ReactionsController#index as */*
  Parameters: {"post_id" => "1"}
  [1m[36mPost Load (0.3ms)[0m  [1m[34mSELECT "posts".* FROM "posts" WHERE "posts"."id" = 1 LIMIT 1 /*action='index',application='Backend',controller='reactions'*/[0m
  ↳ app/controllers/api/v1/reactions_controller.rb:40:in 'Api::V1::ReactionsController#set_post'
  [1m[36mReaction Load (0.4ms)[0m  [1m[34mSELECT "reactions".* FROM "reactions" WHERE "reactions"."post_id" = 1 ORDER BY "reactions"."created_at" DESC /*action='index',application='Backend',controller='reactions'*/[0m
  ↳ app/controllers/api/v1/reactions_controller.rb:11:in 'Enumerable#map'
  [1m[36mUser Load (0.3ms)[0m  [1m[34mSELECT "users".* FROM "users" WHERE "users"."id" = 2 /*action='index',application='Backend',controller='reactions'*/[0m
  ↳ app/controllers/api/v1/reactions_controller.rb:11:in 'Enumerable#map'
Completed 200 OK in 8ms (Views: 0.1ms | ActiveRecord: 1.0ms (3 queries, 0 cached) | GC: 0.0ms)


Using vips to process variants requires the libvips library. Please install libvips using the instructions on the libvips website.
Started GET "/api/v1/posts" for 127.0.0.1 at 2026-08-12 20:00:41 -0500
Started GET "/api/v1/communities" for 127.0.0.1 at 2026-08-12 20:00:41 -0500
  [1m[36mActiveRecord::SchemaMigration Load (1.9ms)[0m  [1m[34mSELECT "schema_migrations"."version" FROM "schema_migrations" ORDER BY "schema_migrations"."version" ASC /*application='Backend'*/[0m
  
ActionController::RoutingError (No route matches [GET] "/api/v1/posts"):
  
Processing by Api::V1::CommunitiesController#index as */*
  [1m[36mCommunity Load (1.7ms)[0m  [1m[34mSELECT "communities".* FROM "communities" ORDER BY "communities"."created_at" DESC /*action='index',application='Backend',controller='communities'*/[0m
  ↳ app/controllers/api/v1/communities_controller.rb:7:in 'Enumerable#map'
  [1m[36mPost Count (2.4ms)[0m  [1m[34mSELECT COUNT(*) FROM "posts" WHERE "posts"."community_id" = 3 /*action='index',application='Backend',controller='communities'*/[0m
  ↳ app/controllers/api/v1/communities_controller.rb:34:in 'Api::V1::CommunitiesController#community_json'
  [1m[36mPost Count (0.3ms)[0m  [1m[34mSELECT COUNT(*) FROM "posts" WHERE "posts"."community_id" = 2 /*action='index',application='Backend',controller='communities'*/[0m
  ↳ app/controllers/api/v1/communities_controller.rb:34:in 'Api::V1::CommunitiesController#community_json'
  [1m[36mPost Count (0.3ms)[0m  [1m[34mSELECT COUNT(*) FROM "posts" WHERE "posts"."community_id" = 1 /*action='index',application='Backend',controller='communities'*/[0m
  ↳ app/controllers/api/v1/communities_controller.rb:34:in 'Api::V1::CommunitiesController#community_json'
Completed 200 OK in 105ms (Views: 0.5ms | ActiveRecord: 22.1ms (4 queries, 0 cached) | GC: 0.0ms)


Started GET "/api/v1/posts" for 127.0.0.1 at 2026-08-12 20:01:14 -0500
Started GET "/api/v1/communities" for 127.0.0.1 at 2026-08-12 20:01:14 -0500
Processing by Api::V1::CommunitiesController#index as */*
  [1m[36mCommunity Load (4.0ms)[0m  [1m[34mSELECT "communities".* FROM "communities" ORDER BY "communities"."created_at" DESC /*action='index',application='Backend',controller='communities'*/[0m
  ↳ app/controllers/api/v1/communities_controller.rb:7:in 'Enumerable#map'
  [1m[36mPost Count (3.5ms)[0m  [1m[34mSELECT COUNT(*) FROM "posts" WHERE "posts"."community_id" = 3 /*action='index',application='Backend',controller='communities'*/[0m
  ↳ app/controllers/api/v1/communities_controller.rb:34:in 'Api::V1::CommunitiesController#community_json'
  [1m[36mPost Count (1.6ms)[0m  [1m[34mSELECT COUNT(*) FROM "posts" WHERE "posts"."community_id" = 2 /*action='index',application='Backend',controller='communities'*/[0m
  ↳ app/controllers/api/v1/communities_controller.rb:34:in 'Api::V1::CommunitiesController#community_json'
  [1m[36mPost Count (2.1ms)[0m  [1m[34mSELECT COUNT(*) FROM "posts" WHERE "posts"."community_id" = 1 /*action='index',application='Backend',controller='communities'*/[0m
  ↳ app/controllers/api/v1/communities_controller.rb:34:in 'Api::V1::CommunitiesController#community_json'
Completed 200 OK in 47ms (Views: 0.7ms | ActiveRecord: 11.1ms (4 queries, 0 cached) | GC: 0.0ms)


Processing by Api::V1::PostsController#index as */*
  [1m[36mPost Load (0.4ms)[0m  [1m[34mSELECT "posts".* FROM "posts" ORDER BY "posts"."created_at" DESC /*action='index',application='Backend',controller='posts'*/[0m
  ↳ app/controllers/api/v1/posts_controller.rb:12:in 'Enumerable#map'
  [1m[36mUser Load (1.2ms)[0m  [1m[34mSELECT "users".* FROM "users" WHERE "users"."id" IN (1, 2) /*action='index',application='Backend',controller='posts'*/[0m
  ↳ app/controllers/api/v1/posts_controller.rb:12:in 'Enumerable#map'
  [1m[36mCommunity Load (0.3ms)[0m  [1m[34mSELECT "communities".* FROM "communities" WHERE "communities"."id" IN (1, 3, 2) /*action='index',application='Backend',controller='posts'*/[0m
  ↳ app/controllers/api/v1/posts_controller.rb:12:in 'Enumerable#map'
Completed 200 OK in 53ms (Views: 0.4ms | ActiveRecord: 4.6ms (3 queries, 0 cached) | GC: 0.0ms)


Started GET "/api/v1/posts" for 127.0.0.1 at 2026-08-12 20:17:06 -0500
Started GET "/api/v1/communities" for 127.0.0.1 at 2026-08-12 20:17:06 -0500
Processing by Api::V1::PostsController#index as */*
Processing by Api::V1::CommunitiesController#index as */*
  [1m[36mPost Load (80.2ms)[0m  [1m[34mSELECT "posts".* FROM "posts" ORDER BY "posts"."created_at" DESC /*action='index',application='Backend',controller='posts'*/[0m
  ↳ app/controllers/api/v1/posts_controller.rb:12:in 'Enumerable#map'
  [1m[36mCommunity Load (69.9ms)[0m  [1m[34mSELECT "communities".* FROM "communities" ORDER BY "communities"."created_at" DESC /*action='index',application='Backend',controller='communities'*/[0m
  ↳ app/controllers/api/v1/communities_controller.rb:7:in 'Enumerable#map'
  [1m[36mUser Load (6.3ms)[0m  [1m[34mSELECT "users".* FROM "users" WHERE "users"."id" IN (1, 2) /*action='index',application='Backend',controller='posts'*/[0m
  ↳ app/controllers/api/v1/posts_controller.rb:12:in 'Enumerable#map'
  [1m[36mPost Count (2.4ms)[0m  [1m[34mSELECT COUNT(*) FROM "posts" WHERE "posts"."community_id" = 3 /*action='index',application='Backend',controller='communities'*/[0m
  ↳ app/controllers/api/v1/communities_controller.rb:34:in 'Api::V1::CommunitiesController#community_json'
  [1m[36mCommunity Load (1.9ms)[0m  [1m[34mSELECT "communities".* FROM "communities" WHERE "communities"."id" IN (1, 3, 2) /*action='index',application='Backend',controller='posts'*/[0m
  ↳ app/controllers/api/v1/posts_controller.rb:12:in 'Enumerable#map'
Completed 200 OK in 157ms (Views: 0.9ms | ActiveRecord: 126.8ms (3 queries, 0 cached) | GC: 0.0ms)


  [1m[36mPost Count (6.3ms)[0m  [1m[34mSELECT COUNT(*) FROM "posts" WHERE "posts"."community_id" = 2 /*action='index',application='Backend',controller='communities'*/[0m
  ↳ app/controllers/api/v1/communities_controller.rb:34:in 'Api::V1::CommunitiesController#community_json'
  [1m[36mPost Count (0.3ms)[0m  [1m[34mSELECT COUNT(*) FROM "posts" WHERE "posts"."community_id" = 1 /*action='index',application='Backend',controller='communities'*/[0m
  ↳ app/controllers/api/v1/communities_controller.rb:34:in 'Api::V1::CommunitiesController#community_json'
Completed 200 OK in 105ms (Views: 0.1ms | ActiveRecord: 123.5ms (4 queries, 0 cached) | GC: 0.0ms)


Started GET "/api/v1/posts/6/comments" for 127.0.0.1 at 2026-08-12 20:17:13 -0500
Processing by Api::V1::CommentsController#index as */*
  Parameters: {"post_id" => "6"}
  [1m[36mPost Load (12.4ms)[0m  [1m[34mSELECT "posts".* FROM "posts" WHERE "posts"."id" = 6 LIMIT 1 /*action='index',application='Backend',controller='comments'*/[0m
  ↳ app/controllers/api/v1/comments_controller.rb:29:in 'Api::V1::CommentsController#set_post'
  [1m[36mComment Load (5.9ms)[0m  [1m[34mSELECT "comments".* FROM "comments" WHERE "comments"."post_id" = 6 ORDER BY "comments"."created_at" ASC /*action='index',application='Backend',controller='comments'*/[0m
  ↳ app/controllers/api/v1/comments_controller.rb:11:in 'Enumerable#map'
Completed 200 OK in 121ms (Views: 0.3ms | ActiveRecord: 34.9ms (2 queries, 0 cached) | GC: 0.0ms)


Started GET "/api/v1/posts/5/comments" for 127.0.0.1 at 2026-08-12 20:17:25 -0500
Processing by Api::V1::CommentsController#index as */*
  Parameters: {"post_id" => "5"}
  [1m[36mPost Load (0.5ms)[0m  [1m[34mSELECT "posts".* FROM "posts" WHERE "posts"."id" = 5 LIMIT 1 /*action='index',application='Backend',controller='comments'*/[0m
  ↳ app/controllers/api/v1/comments_controller.rb:29:in 'Api::V1::CommentsController#set_post'
  [1m[36mComment Load (0.5ms)[0m  [1m[34mSELECT "comments".* FROM "comments" WHERE "comments"."post_id" = 5 ORDER BY "comments"."created_at" ASC /*action='index',application='Backend',controller='comments'*/[0m
  ↳ app/controllers/api/v1/comments_controller.rb:11:in 'Enumerable#map'
Completed 200 OK in 9ms (Views: 0.1ms | ActiveRecord: 0.9ms (2 queries, 0 cached) | GC: 0.0ms)


Started GET "/api/v1/posts/4/comments" for 127.0.0.1 at 2026-08-12 20:17:30 -0500
Processing by Api::V1::CommentsController#index as */*
  Parameters: {"post_id" => "4"}
  [1m[36mPost Load (0.4ms)[0m  [1m[34mSELECT "posts".* FROM "posts" WHERE "posts"."id" = 4 LIMIT 1 /*action='index',application='Backend',controller='comments'*/[0m
  ↳ app/controllers/api/v1/comments_controller.rb:29:in 'Api::V1::CommentsController#set_post'
  [1m[36mComment Load (0.3ms)[0m  [1m[34mSELECT "comments".* FROM "comments" WHERE "comments"."post_id" = 4 ORDER BY "comments"."created_at" ASC /*action='index',application='Backend',controller='comments'*/[0m
  ↳ app/controllers/api/v1/comments_controller.rb:11:in 'Enumerable#map'
Completed 200 OK in 7ms (Views: 0.1ms | ActiveRecord: 0.7ms (2 queries, 0 cached) | GC: 0.0ms)


Started GET "/api/v1/posts/3/comments" for 127.0.0.1 at 2026-08-12 20:17:33 -0500
Processing by Api::V1::CommentsController#index as */*
  Parameters: {"post_id" => "3"}
  [1m[36mPost Load (0.3ms)[0m  [1m[34mSELECT "posts".* FROM "posts" WHERE "posts"."id" = 3 LIMIT 1 /*action='index',application='Backend',controller='comments'*/[0m
  ↳ app/controllers/api/v1/comments_controller.rb:29:in 'Api::V1::CommentsController#set_post'
  [1m[36mComment Load (0.3ms)[0m  [1m[34mSELECT "comments".* FROM "comments" WHERE "comments"."post_id" = 3 ORDER BY "comments"."created_at" ASC /*action='index',application='Backend',controller='comments'*/[0m
  ↳ app/controllers/api/v1/comments_controller.rb:11:in 'Enumerable#map'
Completed 200 OK in 7ms (Views: 0.1ms | ActiveRecord: 0.6ms (2 queries, 0 cached) | GC: 0.0ms)


Started GET "/api/v1/posts/2/comments" for 127.0.0.1 at 2026-08-12 20:17:37 -0500
Processing by Api::V1::CommentsController#index as */*
  Parameters: {"post_id" => "2"}
  [1m[36mPost Load (0.4ms)[0m  [1m[34mSELECT "posts".* FROM "posts" WHERE "posts"."id" = 2 LIMIT 1 /*action='index',application='Backend',controller='comments'*/[0m
  ↳ app/controllers/api/v1/comments_controller.rb:29:in 'Api::V1::CommentsController#set_post'
  [1m[36mComment Load (0.5ms)[0m  [1m[34mSELECT "comments".* FROM "comments" WHERE "comments"."post_id" = 2 ORDER BY "comments"."created_at" ASC /*action='index',application='Backend',controller='comments'*/[0m
  ↳ app/controllers/api/v1/comments_controller.rb:11:in 'Enumerable#map'
Completed 200 OK in 6ms (Views: 0.1ms | ActiveRecord: 0.9ms (2 queries, 0 cached) | GC: 0.0ms)


Started GET "/api/v1/posts/1/comments" for 127.0.0.1 at 2026-08-12 20:17:40 -0500
Processing by Api::V1::CommentsController#index as */*
  Parameters: {"post_id" => "1"}
  [1m[36mPost Load (0.3ms)[0m  [1m[34mSELECT "posts".* FROM "posts" WHERE "posts"."id" = 1 LIMIT 1 /*action='index',application='Backend',controller='comments'*/[0m
  ↳ app/controllers/api/v1/comments_controller.rb:29:in 'Api::V1::CommentsController#set_post'
  [1m[36mComment Load (0.9ms)[0m  [1m[34mSELECT "comments".* FROM "comments" WHERE "comments"."post_id" = 1 ORDER BY "comments"."created_at" ASC /*action='index',application='Backend',controller='comments'*/[0m
  ↳ app/controllers/api/v1/comments_controller.rb:11:in 'Enumerable#map'
  [1m[36mUser Load (1.6ms)[0m  [1m[34mSELECT "users".* FROM "users" WHERE "users"."id" = 2 /*action='index',application='Backend',controller='comments'*/[0m
  ↳ app/controllers/api/v1/comments_controller.rb:11:in 'Enumerable#map'
Completed 200 OK in 52ms (Views: 0.1ms | ActiveRecord: 2.9ms (3 queries, 0 cached) | GC: 0.0ms)


Started GET "/api/v1/posts/1/comments" for 127.0.0.1 at 2026-08-12 20:17:45 -0500
Processing by Api::V1::CommentsController#index as */*
  Parameters: {"post_id" => "1"}
  [1m[36mPost Load (0.4ms)[0m  [1m[34mSELECT "posts".* FROM "posts" WHERE "posts"."id" = 1 LIMIT 1 /*action='index',application='Backend',controller='comments'*/[0m
  ↳ app/controllers/api/v1/comments_controller.rb:29:in 'Api::V1::CommentsController#set_post'
  [1m[36mComment Load (0.5ms)[0m  [1m[34mSELECT "comments".* FROM "comments" WHERE "comments"."post_id" = 1 ORDER BY "comments"."created_at" ASC /*action='index',application='Backend',controller='comments'*/[0m
  ↳ app/controllers/api/v1/comments_controller.rb:11:in 'Enumerable#map'
  [1m[36mUser Load (0.7ms)[0m  [1m[34mSELECT "users".* FROM "users" WHERE "users"."id" = 2 /*action='index',application='Backend',controller='comments'*/[0m
  ↳ app/controllers/api/v1/comments_controller.rb:11:in 'Enumerable#map'
Completed 200 OK in 11ms (Views: 0.1ms | ActiveRecord: 1.5ms (3 queries, 0 cached) | GC: 0.0ms)


Started POST "/api/v1/posts/1/comments" for 127.0.0.1 at 2026-08-12 20:17:58 -0500
Processing by Api::V1::CommentsController#create as */*
  Parameters: {"comment" => {"user_id" => 1, "content" => "buena publicacion"}, "post_id" => "1"}
  [1m[36mPost Load (1.1ms)[0m  [1m[34mSELECT "posts".* FROM "posts" WHERE "posts"."id" = 1 LIMIT 1 /*action='create',application='Backend',controller='comments'*/[0m
  ↳ app/controllers/api/v1/comments_controller.rb:29:in 'Api::V1::CommentsController#set_post'
  [1m[36mTRANSACTION (2.1ms)[0m  [1m[35mBEGIN /*action='create',application='Backend',controller='comments'*/[0m
  ↳ app/controllers/api/v1/comments_controller.rb:17:in 'Api::V1::CommentsController#create'
  [1m[36mUser Load (8.2ms)[0m  [1m[34mSELECT "users".* FROM "users" WHERE "users"."id" = 1 LIMIT 1 /*action='create',application='Backend',controller='comments'*/[0m
  ↳ app/controllers/api/v1/comments_controller.rb:17:in 'Api::V1::CommentsController#create'
  [1m[36mComment Create (16.5ms)[0m  [1m[32mINSERT INTO "comments" ("user_id", "post_id", "content", "created_at", "updated_at") VALUES (1, 1, 'buena publicacion', '2026-08-13 01:17:58.309674', '2026-08-13 01:17:58.309674') RETURNING "id" /*action='create',application='Backend',controller='comments'*/[0m
  ↳ app/controllers/api/v1/comments_controller.rb:17:in 'Api::V1::CommentsController#create'
  [1m[36mTRANSACTION (1.4ms)[0m  [1m[35mCOMMIT /*action='create',application='Backend',controller='comments'*/[0m
  ↳ app/controllers/api/v1/comments_controller.rb:17:in 'Api::V1::CommentsController#create'
Completed 201 Created in 98ms (Views: 0.8ms | ActiveRecord: 29.3ms (3 queries, 0 cached) | GC: 0.0ms)


Started GET "/api/v1/posts/1/comments" for 127.0.0.1 at 2026-08-12 20:17:58 -0500
Processing by Api::V1::CommentsController#index as */*
  Parameters: {"post_id" => "1"}
  [1m[36mPost Load (0.6ms)[0m  [1m[34mSELECT "posts".* FROM "posts" WHERE "posts"."id" = 1 LIMIT 1 /*action='index',application='Backend',controller='comments'*/[0m
  ↳ app/controllers/api/v1/comments_controller.rb:29:in 'Api::V1::CommentsController#set_post'
  [1m[36mComment Load (0.3ms)[0m  [1m[34mSELECT "comments".* FROM "comments" WHERE "comments"."post_id" = 1 ORDER BY "comments"."created_at" ASC /*action='index',application='Backend',controller='comments'*/[0m
  ↳ app/controllers/api/v1/comments_controller.rb:11:in 'Enumerable#map'
  [1m[36mUser Load (0.7ms)[0m  [1m[34mSELECT "users".* FROM "users" WHERE "users"."id" IN (2, 1) /*action='index',application='Backend',controller='comments'*/[0m
  ↳ app/controllers/api/v1/comments_controller.rb:11:in 'Enumerable#map'
Completed 200 OK in 9ms (Views: 0.1ms | ActiveRecord: 1.5ms (3 queries, 0 cached) | GC: 0.0ms)


Started POST "/api/v1/posts/1/reactions" for 127.0.0.1 at 2026-08-12 20:18:03 -0500
Processing by Api::V1::ReactionsController#create as */*
  Parameters: {"reaction" => {"user_id" => 1, "kind" => "like"}, "post_id" => "1"}
  [1m[36mPost Load (0.4ms)[0m  [1m[34mSELECT "posts".* FROM "posts" WHERE "posts"."id" = 1 LIMIT 1 /*action='create',application='Backend',controller='reactions'*/[0m
  ↳ app/controllers/api/v1/reactions_controller.rb:40:in 'Api::V1::ReactionsController#set_post'
  [1m[36mReaction Load (0.7ms)[0m  [1m[34mSELECT "reactions".* FROM "reactions" WHERE "reactions"."post_id" = 1 AND "reactions"."user_id" = 1 LIMIT 1 /*action='create',application='Backend',controller='reactions'*/[0m
  ↳ app/controllers/api/v1/reactions_controller.rb:15:in 'Api::V1::ReactionsController#create'
  [1m[36mTRANSACTION (0.1ms)[0m  [1m[35mBEGIN /*action='create',application='Backend',controller='reactions'*/[0m
  ↳ app/controllers/api/v1/reactions_controller.rb:21:in 'Api::V1::ReactionsController#create'
  [1m[36mUser Load (1.5ms)[0m  [1m[34mSELECT "users".* FROM "users" WHERE "users"."id" = 1 LIMIT 1 /*action='create',application='Backend',controller='reactions'*/[0m
  ↳ app/controllers/api/v1/reactions_controller.rb:21:in 'Api::V1::ReactionsController#create'
  [1m[36mReaction Exists? (0.2ms)[0m  [1m[34mSELECT 1 AS one FROM "reactions" WHERE "reactions"."user_id" = 1 AND "reactions"."post_id" = 1 LIMIT 1 /*action='create',application='Backend',controller='reactions'*/[0m
  ↳ app/controllers/api/v1/reactions_controller.rb:21:in 'Api::V1::ReactionsController#create'
  [1m[36mReaction Create (0.5ms)[0m  [1m[32mINSERT INTO "reactions" ("user_id", "post_id", "kind", "created_at", "updated_at") VALUES (1, 1, 0, '2026-08-13 01:18:03.644581', '2026-08-13 01:18:03.644581') RETURNING "id" /*action='create',application='Backend',controller='reactions'*/[0m
  ↳ app/controllers/api/v1/reactions_controller.rb:21:in 'Api::V1::ReactionsController#create'
  [1m[36mTRANSACTION (0.3ms)[0m  [1m[35mCOMMIT /*action='create',application='Backend',controller='reactions'*/[0m
  ↳ app/controllers/api/v1/reactions_controller.rb:21:in 'Api::V1::ReactionsController#create'
Completed 201 Created in 25ms (Views: 0.2ms | ActiveRecord: 10.5ms (5 queries, 0 cached) | GC: 0.0ms)


Started GET "/api/v1/posts" for 127.0.0.1 at 2026-08-12 20:29:28 -0500
Started GET "/api/v1/communities" for 127.0.0.1 at 2026-08-12 20:29:28 -0500
Processing by Api::V1::PostsController#index as */*
Processing by Api::V1::CommunitiesController#index as */*
  [1m[36mCommunity Load (91.5ms)[0m  [1m[34mSELECT "communities".* FROM "communities" ORDER BY "communities"."created_at" DESC /*action='index',application='Backend',controller='communities'*/[0m
  [1m[36mPost Load (98.1ms)[0m  [1m[34mSELECT "posts".* FROM "posts" ORDER BY "posts"."created_at" DESC /*action='index',application='Backend',controller='posts'*/[0m
  ↳ app/controllers/api/v1/communities_controller.rb:7:in 'Enumerable#map'
  ↳ app/controllers/api/v1/posts_controller.rb:12:in 'Enumerable#map'
  [1m[36mUser Load (1.5ms)[0m  [1m[34mSELECT "users".* FROM "users" WHERE "users"."id" IN (1, 2) /*action='index',application='Backend',controller='posts'*/[0m
  ↳ app/controllers/api/v1/posts_controller.rb:12:in 'Enumerable#map'
  [1m[36mPost Count (1.9ms)[0m  [1m[34mSELECT COUNT(*) FROM "posts" WHERE "posts"."community_id" = 3 /*action='index',application='Backend',controller='communities'*/[0m
  ↳ app/controllers/api/v1/communities_controller.rb:34:in 'Api::V1::CommunitiesController#community_json'
  [1m[36mCommunity Load (0.7ms)[0m  [1m[34mSELECT "communities".* FROM "communities" WHERE "communities"."id" IN (1, 3, 2) /*action='index',application='Backend',controller='posts'*/[0m
  ↳ app/controllers/api/v1/posts_controller.rb:12:in 'Enumerable#map'
Completed 200 OK in 127ms (Views: 0.7ms | ActiveRecord: 147.4ms (3 queries, 0 cached) | GC: 21.4ms)


  [1m[36mPost Count (4.0ms)[0m  [1m[34mSELECT COUNT(*) FROM "posts" WHERE "posts"."community_id" = 2 /*action='index',application='Backend',controller='communities'*/[0m
  ↳ app/controllers/api/v1/communities_controller.rb:34:in 'Api::V1::CommunitiesController#community_json'
  [1m[36mPost Count (0.2ms)[0m  [1m[34mSELECT COUNT(*) FROM "posts" WHERE "posts"."community_id" = 1 /*action='index',application='Backend',controller='communities'*/[0m
  ↳ app/controllers/api/v1/communities_controller.rb:34:in 'Api::V1::CommunitiesController#community_json'
Completed 200 OK in 128ms (Views: 0.1ms | ActiveRecord: 151.4ms (4 queries, 0 cached) | GC: 29.1ms)


Started GET "/api/v1/posts" for 127.0.0.1 at 2026-08-12 20:29:32 -0500
Started GET "/api/v1/communities" for 127.0.0.1 at 2026-08-12 20:29:32 -0500
Processing by Api::V1::PostsController#index as */*
Processing by Api::V1::CommunitiesController#index as */*
  [1m[36mPost Load (0.9ms)[0m  [1m[34mSELECT "posts".* FROM "posts" ORDER BY "posts"."created_at" DESC /*action='index',application='Backend',controller='posts'*/[0m
  ↳ app/controllers/api/v1/posts_controller.rb:12:in 'Enumerable#map'
  [1m[36mCommunity Load (1.1ms)[0m  [1m[34mSELECT "communities".* FROM "communities" ORDER BY "communities"."created_at" DESC /*action='index',application='Backend',controller='communities'*/[0m
  ↳ app/controllers/api/v1/communities_controller.rb:7:in 'Enumerable#map'
  [1m[36mUser Load (1.8ms)[0m  [1m[34mSELECT "users".* FROM "users" WHERE "users"."id" IN (1, 2) /*action='index',application='Backend',controller='posts'*/[0m
  ↳ app/controllers/api/v1/posts_controller.rb:12:in 'Enumerable#map'
  [1m[36mCommunity Load (10.4ms)[0m  [1m[34mSELECT "communities".* FROM "communities" WHERE "communities"."id" IN (1, 3, 2) /*action='index',application='Backend',controller='posts'*/[0m
  ↳ app/controllers/api/v1/posts_controller.rb:12:in 'Enumerable#map'
Completed 200 OK in 21ms (Views: 0.1ms | ActiveRecord: 13.0ms (3 queries, 0 cached) | GC: 6.5ms)


  [1m[36mPost Count (3.1ms)[0m  [1m[34mSELECT COUNT(*) FROM "posts" WHERE "posts"."community_id" = 3 /*action='index',application='Backend',controller='communities'*/[0m
  ↳ app/controllers/api/v1/communities_controller.rb:34:in 'Api::V1::CommunitiesController#community_json'
  [1m[36mPost Count (0.3ms)[0m  [1m[34mSELECT COUNT(*) FROM "posts" WHERE "posts"."community_id" = 2 /*action='index',application='Backend',controller='communities'*/[0m
  ↳ app/controllers/api/v1/communities_controller.rb:34:in 'Api::V1::CommunitiesController#community_json'
  [1m[36mPost Count (0.3ms)[0m  [1m[34mSELECT COUNT(*) FROM "posts" WHERE "posts"."community_id" = 1 /*action='index',application='Backend',controller='communities'*/[0m
  ↳ app/controllers/api/v1/communities_controller.rb:34:in 'Api::V1::CommunitiesController#community_json'
Completed 200 OK in 25ms (Views: 0.1ms | ActiveRecord: 7.1ms (4 queries, 0 cached) | GC: 6.5ms)


Started POST "/api/v1/communities/1/posts" for 127.0.0.1 at 2026-08-12 20:30:19 -0500
Processing by Api::V1::PostsController#create as */*
  Parameters: {"post" => {"user_id" => 1, "title" => "IA", "content" => "nueva \nia", "post_type" => "discussion", "status" => "published"}, "community_id" => "1"}
  [1m[36mTRANSACTION (0.6ms)[0m  [1m[35mBEGIN /*action='create',application='Backend',controller='posts'*/[0m
  ↳ app/controllers/api/v1/posts_controller.rb:32:in 'Api::V1::PostsController#create'
  [1m[36mUser Load (9.6ms)[0m  [1m[34mSELECT "users".* FROM "users" WHERE "users"."id" = 1 LIMIT 1 /*action='create',application='Backend',controller='posts'*/[0m
  ↳ app/controllers/api/v1/posts_controller.rb:32:in 'Api::V1::PostsController#create'
  [1m[36mCommunity Load (0.4ms)[0m  [1m[34mSELECT "communities".* FROM "communities" WHERE "communities"."id" = 1 LIMIT 1 /*action='create',application='Backend',controller='posts'*/[0m
  ↳ app/controllers/api/v1/posts_controller.rb:32:in 'Api::V1::PostsController#create'
  [1m[36mPost Create (9.2ms)[0m  [1m[32mINSERT INTO "posts" ("user_id", "community_id", "title", "content", "post_type", "status", "published_at", "created_at", "updated_at") VALUES (1, 1, 'IA', 'nueva 
ia', 0, 1, NULL, '2026-08-13 01:30:19.728042', '2026-08-13 01:30:19.728042') RETURNING "id" /*action='create',application='Backend',controller='posts'*/[0m
  ↳ app/controllers/api/v1/posts_controller.rb:32:in 'Api::V1::PostsController#create'
  [1m[36mTRANSACTION (3.8ms)[0m  [1m[35mCOMMIT /*action='create',application='Backend',controller='posts'*/[0m
  ↳ app/controllers/api/v1/posts_controller.rb:32:in 'Api::V1::PostsController#create'
Completed 201 Created in 76ms (Views: 1.1ms | ActiveRecord: 23.5ms (3 queries, 0 cached) | GC: 0.0ms)


Started GET "/api/v1/communities" for 127.0.0.1 at 2026-08-12 20:30:19 -0500
Started GET "/api/v1/posts" for 127.0.0.1 at 2026-08-12 20:30:19 -0500
Processing by Api::V1::PostsController#index as */*
Processing by Api::V1::CommunitiesController#index as */*
  [1m[36mPost Load (2.1ms)[0m  [1m[34mSELECT "posts".* FROM "posts" ORDER BY "posts"."created_at" DESC /*action='index',application='Backend',controller='posts'*/[0m
  ↳ app/controllers/api/v1/posts_controller.rb:12:in 'Enumerable#map'
  [1m[36mCommunity Load (4.0ms)[0m  [1m[34mSELECT "communities".* FROM "communities" ORDER BY "communities"."created_at" DESC /*action='index',application='Backend',controller='communities'*/[0m
  ↳ app/controllers/api/v1/communities_controller.rb:7:in 'Enumerable#map'
  [1m[36mUser Load (2.8ms)[0m  [1m[34mSELECT "users".* FROM "users" WHERE "users"."id" IN (1, 2) /*action='index',application='Backend',controller='posts'*/[0m
  ↳ app/controllers/api/v1/posts_controller.rb:12:in 'Enumerable#map'
  [1m[36mPost Count (2.2ms)[0m  [1m[34mSELECT COUNT(*) FROM "posts" WHERE "posts"."community_id" = 3 /*action='index',application='Backend',controller='communities'*/[0m
  ↳ app/controllers/api/v1/communities_controller.rb:34:in 'Api::V1::CommunitiesController#community_json'
  [1m[36mCommunity Load (1.9ms)[0m  [1m[34mSELECT "communities".* FROM "communities" WHERE "communities"."id" IN (1, 3, 2) /*action='index',application='Backend',controller='posts'*/[0m
  ↳ app/controllers/api/v1/posts_controller.rb:12:in 'Enumerable#map'
Completed 200 OK in 15ms (Views: 0.2ms | ActiveRecord: 6.8ms (3 queries, 0 cached) | GC: 0.0ms)


  [1m[36mPost Count (1.9ms)[0m  [1m[34mSELECT COUNT(*) FROM "posts" WHERE "posts"."community_id" = 2 /*action='index',application='Backend',controller='communities'*/[0m
  ↳ app/controllers/api/v1/communities_controller.rb:34:in 'Api::V1::CommunitiesController#community_json'
  [1m[36mPost Count (0.3ms)[0m  [1m[34mSELECT COUNT(*) FROM "posts" WHERE "posts"."community_id" = 1 /*action='index',application='Backend',controller='communities'*/[0m
  ↳ app/controllers/api/v1/communities_controller.rb:34:in 'Api::V1::CommunitiesController#community_json'
Completed 200 OK in 16ms (Views: 0.2ms | ActiveRecord: 8.4ms (4 queries, 0 cached) | GC: 0.0ms)


Using vips to process variants requires the libvips library. Please install libvips using the instructions on the libvips website.
Using vips to process variants requires the libvips library. Please install libvips using the instructions on the libvips website.
  [1m[35m (0.2ms)[0m  [1m[34mSELECT pg_try_advisory_lock(5073945470573576205) /*application='Backend'*/[0m
  [1m[36mActiveRecord::SchemaMigration Load (3.5ms)[0m  [1m[34mSELECT "schema_migrations"."version" FROM "schema_migrations" ORDER BY "schema_migrations"."version" ASC /*application='Backend'*/[0m
  [1m[36mActiveRecord::InternalMetadata Load (4.5ms)[0m  [1m[34mSELECT * FROM "ar_internal_metadata" WHERE "ar_internal_metadata"."key" = 'environment' ORDER BY "ar_internal_metadata"."key" ASC LIMIT 1 /*application='Backend'*/[0m
Migrating to CreateReports (20260813013342)
  [1m[36mTRANSACTION (0.1ms)[0m  [1m[35mBEGIN /*application='Backend'*/[0m
  [1m[35m (38.3ms)[0m  [1m[35mCREATE TABLE "reports" ("id" bigserial primary key, "user_id" bigint NOT NULL, "post_id" bigint NOT NULL, "reason" text, "status" integer, "reviewed_at" timestamp(6), "created_at" timestamp(6) NOT NULL, "updated_at" timestamp(6) NOT NULL, CONSTRAINT "fk_rails_c7699d537d"
FOREIGN KEY ("user_id")
  REFERENCES "users" ("id")
, CONSTRAINT "fk_rails_632f1a92b7"
FOREIGN KEY ("post_id")
  REFERENCES "posts" ("id")
) /*application='Backend'*/[0m
  [1m[35m (1.9ms)[0m  [1m[35mCREATE INDEX "index_reports_on_user_id" ON "reports" ("user_id") /*application='Backend'*/[0m
  [1m[35m (0.6ms)[0m  [1m[35mCREATE INDEX "index_reports_on_post_id" ON "reports" ("post_id") /*application='Backend'*/[0m
  [1m[36mActiveRecord::SchemaMigration Create (5.0ms)[0m  [1m[32mINSERT INTO "schema_migrations" ("version") VALUES ('20260813013342') RETURNING "version" /*application='Backend'*/[0m
  [1m[36mTRANSACTION (0.8ms)[0m  [1m[35mCOMMIT /*application='Backend'*/[0m
  [1m[35m (0.4ms)[0m  [1m[34mSELECT pg_advisory_unlock(5073945470573576205) /*application='Backend'*/[0m
  [1m[36mActiveRecord::SchemaMigration Load (0.1ms)[0m  [1m[34mSELECT "schema_migrations"."version" FROM "schema_migrations" ORDER BY "schema_migrations"."version" ASC /*application='Backend'*/[0m
  [1m[35mSQL (0.1ms)[0m  [1m[35mSET search_path TO public /*application='Backend'*/[0m
  [1m[35mSQL (0.2ms)[0m  [1m[35mSET search_path TO "$user", public /*application='Backend'*/[0m
  [1m[35mSQL (0.1ms)[0m  [1m[35mSET search_path TO public /*application='Backend'*/[0m
  [1m[35mSQL (0.1ms)[0m  [1m[35mSET search_path TO "$user", public /*application='Backend'*/[0m
Using vips to process variants requires the libvips library. Please install libvips using the instructions on the libvips website.
Started POST "/api/v1/posts/1/reports" for 127.0.0.1 at 2026-08-12 20:36:27 -0500
  [1m[36mActiveRecord::SchemaMigration Load (1.4ms)[0m  [1m[34mSELECT "schema_migrations"."version" FROM "schema_migrations" ORDER BY "schema_migrations"."version" ASC /*application='Backend'*/[0m
Processing by Api::V1::ReportsController#create as */*
  Parameters: {"report" => {"user_id" => 1, "reason" => "El contenido parece inapropiado."}, "post_id" => "1"}
  [1m[36mPost Load (0.8ms)[0m  [1m[34mSELECT "posts".* FROM "posts" WHERE "posts"."id" = 1 LIMIT 1 /*action='create',application='Backend',controller='reports'*/[0m
  ↳ app/controllers/api/v1/reports_controller.rb:29:in 'Api::V1::ReportsController#set_post'
Completed 500 Internal Server Error in 66ms (ActiveRecord: 25.8ms (1 query, 0 cached) | GC: 0.0ms)


  
NoMethodError (undefined method 'reports' for an instance of Post):
  
app/controllers/api/v1/reports_controller.rb:15:in 'Api::V1::ReportsController#create'
Started GET "/api/v1/posts/1/reports" for 127.0.0.1 at 2026-08-12 20:36:42 -0500
Processing by Api::V1::ReportsController#index as */*
  Parameters: {"post_id" => "1"}
  [1m[36mPost Load (0.3ms)[0m  [1m[34mSELECT "posts".* FROM "posts" WHERE "posts"."id" = 1 LIMIT 1 /*action='index',application='Backend',controller='reports'*/[0m
  ↳ app/controllers/api/v1/reports_controller.rb:29:in 'Api::V1::ReportsController#set_post'
Completed 500 Internal Server Error in 2ms (ActiveRecord: 0.3ms (1 query, 0 cached) | GC: 0.0ms)


  
NoMethodError (undefined method 'reports' for an instance of Post):
  
app/controllers/api/v1/reports_controller.rb:7:in 'Api::V1::ReportsController#index'
Started GET "/api/v1/posts/1/reports" for 127.0.0.1 at 2026-08-12 20:37:42 -0500
Processing by Api::V1::ReportsController#index as */*
  Parameters: {"post_id" => "1"}
  [1m[36mPost Load (0.3ms)[0m  [1m[34mSELECT "posts".* FROM "posts" WHERE "posts"."id" = 1 LIMIT 1 /*action='index',application='Backend',controller='reports'*/[0m
  ↳ app/controllers/api/v1/reports_controller.rb:29:in 'Api::V1::ReportsController#set_post'
Completed 500 Internal Server Error in 2ms (ActiveRecord: 0.3ms (1 query, 0 cached) | GC: 0.0ms)


  
NoMethodError (undefined method 'reports' for an instance of Post):
  
app/controllers/api/v1/reports_controller.rb:7:in 'Api::V1::ReportsController#index'
Started POST "/api/v1/posts/1/reports" for 127.0.0.1 at 2026-08-12 20:37:55 -0500
Processing by Api::V1::ReportsController#create as */*
  Parameters: {"report" => {"user_id" => 1, "reason" => "El contenido parece inapropiado."}, "post_id" => "1"}
  [1m[36mPost Load (0.3ms)[0m  [1m[34mSELECT "posts".* FROM "posts" WHERE "posts"."id" = 1 LIMIT 1 /*action='create',application='Backend',controller='reports'*/[0m
  ↳ app/controllers/api/v1/reports_controller.rb:29:in 'Api::V1::ReportsController#set_post'
Completed 500 Internal Server Error in 2ms (ActiveRecord: 0.3ms (1 query, 0 cached) | GC: 0.0ms)


  
NoMethodError (undefined method 'reports' for an instance of Post):
  
app/controllers/api/v1/reports_controller.rb:15:in 'Api::V1::ReportsController#create'
Started POST "/api/v1/posts/1/reports" for 127.0.0.1 at 2026-08-12 20:39:27 -0500
Processing by Api::V1::ReportsController#create as */*
  Parameters: {"report" => {"user_id" => 1, "reason" => "El contenido parece inapropiado."}, "post_id" => "1"}
  [1m[36mPost Load (1.8ms)[0m  [1m[34mSELECT "posts".* FROM "posts" WHERE "posts"."id" = 1 LIMIT 1 /*action='create',application='Backend',controller='reports'*/[0m
  ↳ app/controllers/api/v1/reports_controller.rb:29:in 'Api::V1::ReportsController#set_post'
Completed 500 Internal Server Error in 14ms (ActiveRecord: 1.8ms (1 query, 0 cached) | GC: 0.0ms)


  
NoMethodError (undefined method 'reports' for an instance of Post):
  
app/controllers/api/v1/reports_controller.rb:15:in 'Api::V1::ReportsController#create'
Started POST "/api/v1/posts/1/reports" for 127.0.0.1 at 2026-08-12 20:41:59 -0500
Processing by Api::V1::ReportsController#create as */*
  Parameters: {"report" => {"user_id" => 1, "reason" => "El contenido parece inapropiado."}, "post_id" => "1"}
  [1m[36mPost Load (0.3ms)[0m  [1m[34mSELECT "posts".* FROM "posts" WHERE "posts"."id" = 1 LIMIT 1 /*action='create',application='Backend',controller='reports'*/[0m
  ↳ app/controllers/api/v1/reports_controller.rb:29:in 'Api::V1::ReportsController#set_post'
  [1m[36mTRANSACTION (0.1ms)[0m  [1m[35mBEGIN /*action='create',application='Backend',controller='reports'*/[0m
  ↳ app/controllers/api/v1/reports_controller.rb:17:in 'Api::V1::ReportsController#create'
  [1m[36mUser Load (0.6ms)[0m  [1m[34mSELECT "users".* FROM "users" WHERE "users"."id" = 1 LIMIT 1 /*action='create',application='Backend',controller='reports'*/[0m
  ↳ app/controllers/api/v1/reports_controller.rb:17:in 'Api::V1::ReportsController#create'
  [1m[36mReport Create (6.7ms)[0m  [1m[32mINSERT INTO "reports" ("user_id", "post_id", "reason", "status", "reviewed_at", "created_at", "updated_at") VALUES (1, 1, 'El contenido parece inapropiado.', 0, NULL, '2026-08-13 01:41:59.966650', '2026-08-13 01:41:59.966650') RETURNING "id" /*action='create',application='Backend',controller='reports'*/[0m
  ↳ app/controllers/api/v1/reports_controller.rb:17:in 'Api::V1::ReportsController#create'
  [1m[36mTRANSACTION (0.4ms)[0m  [1m[35mCOMMIT /*action='create',application='Backend',controller='reports'*/[0m
  ↳ app/controllers/api/v1/reports_controller.rb:17:in 'Api::V1::ReportsController#create'
Completed 201 Created in 82ms (Views: 0.8ms | ActiveRecord: 17.2ms (3 queries, 0 cached) | GC: 0.0ms)


Started GET "/api/v1/posts/1/reports" for 127.0.0.1 at 2026-08-12 20:42:13 -0500
Processing by Api::V1::ReportsController#index as */*
  Parameters: {"post_id" => "1"}
  [1m[36mPost Load (0.4ms)[0m  [1m[34mSELECT "posts".* FROM "posts" WHERE "posts"."id" = 1 LIMIT 1 /*action='index',application='Backend',controller='reports'*/[0m
  ↳ app/controllers/api/v1/reports_controller.rb:29:in 'Api::V1::ReportsController#set_post'
  [1m[36mReport Load (0.7ms)[0m  [1m[34mSELECT "reports".* FROM "reports" WHERE "reports"."post_id" = 1 ORDER BY "reports"."created_at" DESC /*action='index',application='Backend',controller='reports'*/[0m
  ↳ app/controllers/api/v1/reports_controller.rb:11:in 'Enumerable#map'
  [1m[36mUser Load (0.3ms)[0m  [1m[34mSELECT "users".* FROM "users" WHERE "users"."id" = 1 /*action='index',application='Backend',controller='reports'*/[0m
  ↳ app/controllers/api/v1/reports_controller.rb:11:in 'Enumerable#map'
Completed 200 OK in 15ms (Views: 0.1ms | ActiveRecord: 1.4ms (3 queries, 0 cached) | GC: 0.0ms)


Started GET "/api/v1/posts" for 127.0.0.1 at 2026-08-12 20:50:26 -0500
Started GET "/api/v1/communities" for 127.0.0.1 at 2026-08-12 20:50:26 -0500
Processing by Api::V1::CommunitiesController#index as */*
Processing by Api::V1::PostsController#index as */*
  [1m[36mCommunity Load (1.9ms)[0m  [1m[34mSELECT "communities".* FROM "communities" ORDER BY "communities"."created_at" DESC /*action='index',application='Backend',controller='communities'*/[0m
  ↳ app/controllers/api/v1/communities_controller.rb:7:in 'Enumerable#map'
  [1m[36mPost Load (33.0ms)[0m  [1m[34mSELECT "posts".* FROM "posts" ORDER BY "posts"."created_at" DESC /*action='index',application='Backend',controller='posts'*/[0m
  ↳ app/controllers/api/v1/posts_controller.rb:12:in 'Enumerable#map'
  [1m[36mPost Count (5.1ms)[0m  [1m[34mSELECT COUNT(*) FROM "posts" WHERE "posts"."community_id" = 3 /*action='index',application='Backend',controller='communities'*/[0m
  ↳ app/controllers/api/v1/communities_controller.rb:34:in 'Api::V1::CommunitiesController#community_json'
  [1m[36mUser Load (2.4ms)[0m  [1m[34mSELECT "users".* FROM "users" WHERE "users"."id" IN (1, 2) /*action='index',application='Backend',controller='posts'*/[0m
  ↳ app/controllers/api/v1/posts_controller.rb:12:in 'Enumerable#map'
  [1m[36mPost Count (1.9ms)[0m  [1m[34mSELECT COUNT(*) FROM "posts" WHERE "posts"."community_id" = 2 /*action='index',application='Backend',controller='communities'*/[0m
  ↳ app/controllers/api/v1/communities_controller.rb:34:in 'Api::V1::CommunitiesController#community_json'
  [1m[36mCommunity Load (2.1ms)[0m  [1m[34mSELECT "communities".* FROM "communities" WHERE "communities"."id" IN (1, 3, 2) /*action='index',application='Backend',controller='posts'*/[0m
  ↳ app/controllers/api/v1/posts_controller.rb:12:in 'Enumerable#map'
  [1m[36mPost Count (1.4ms)[0m  [1m[34mSELECT COUNT(*) FROM "posts" WHERE "posts"."community_id" = 1 /*action='index',application='Backend',controller='communities'*/[0m
Completed 200 OK in 55ms (Views: 0.8ms | ActiveRecord: 49.6ms (3 queries, 0 cached) | GC: 0.0ms)


  ↳ app/controllers/api/v1/communities_controller.rb:34:in 'Api::V1::CommunitiesController#community_json'
Completed 200 OK in 103ms (Views: 0.2ms | ActiveRecord: 33.3ms (4 queries, 0 cached) | GC: 0.0ms)


Started GET "/api/v1/posts/7/comments" for 127.0.0.1 at 2026-08-12 20:52:50 -0500
Processing by Api::V1::CommentsController#index as */*
  Parameters: {"post_id" => "7"}
  [1m[36mPost Load (0.6ms)[0m  [1m[34mSELECT "posts".* FROM "posts" WHERE "posts"."id" = 7 LIMIT 1 /*action='index',application='Backend',controller='comments'*/[0m
  ↳ app/controllers/api/v1/comments_controller.rb:29:in 'Api::V1::CommentsController#set_post'
  [1m[36mComment Load (1.8ms)[0m  [1m[34mSELECT "comments".* FROM "comments" WHERE "comments"."post_id" = 7 ORDER BY "comments"."created_at" ASC /*action='index',application='Backend',controller='comments'*/[0m
  ↳ app/controllers/api/v1/comments_controller.rb:11:in 'Enumerable#map'
Completed 200 OK in 13ms (Views: 0.1ms | ActiveRecord: 4.6ms (2 queries, 0 cached) | GC: 0.0ms)


Started POST "/api/v1/posts/7/reports" for 127.0.0.1 at 2026-08-12 20:53:01 -0500
Processing by Api::V1::ReportsController#create as */*
  Parameters: {"report" => {"user_id" => 1, "reason" => "Pesimo servicio"}, "post_id" => "7"}
  [1m[36mPost Load (0.4ms)[0m  [1m[34mSELECT "posts".* FROM "posts" WHERE "posts"."id" = 7 LIMIT 1 /*action='create',application='Backend',controller='reports'*/[0m
  ↳ app/controllers/api/v1/reports_controller.rb:29:in 'Api::V1::ReportsController#set_post'
  [1m[36mTRANSACTION (0.2ms)[0m  [1m[35mBEGIN /*action='create',application='Backend',controller='reports'*/[0m
  ↳ app/controllers/api/v1/reports_controller.rb:17:in 'Api::V1::ReportsController#create'
  [1m[36mUser Load (6.5ms)[0m  [1m[34mSELECT "users".* FROM "users" WHERE "users"."id" = 1 LIMIT 1 /*action='create',application='Backend',controller='reports'*/[0m
  ↳ app/controllers/api/v1/reports_controller.rb:17:in 'Api::V1::ReportsController#create'
  [1m[36mReport Create (2.7ms)[0m  [1m[32mINSERT INTO "reports" ("user_id", "post_id", "reason", "status", "reviewed_at", "created_at", "updated_at") VALUES (1, 7, 'Pesimo servicio', 0, NULL, '2026-08-13 01:53:01.616997', '2026-08-13 01:53:01.616997') RETURNING "id" /*action='create',application='Backend',controller='reports'*/[0m
  ↳ app/controllers/api/v1/reports_controller.rb:17:in 'Api::V1::ReportsController#create'
  [1m[36mTRANSACTION (1.0ms)[0m  [1m[35mCOMMIT /*action='create',application='Backend',controller='reports'*/[0m
  ↳ app/controllers/api/v1/reports_controller.rb:17:in 'Api::V1::ReportsController#create'
Completed 201 Created in 24ms (Views: 0.3ms | ActiveRecord: 10.7ms (3 queries, 0 cached) | GC: 0.0ms)


Started GET "/api/v1/reports" for 127.0.0.1 at 2026-08-12 21:00:01 -0500
Processing by Api::V1::ReportsController#index as */*
Completed 404 Not Found in 20ms (ActiveRecord: 0.0ms (0 queries, 0 cached) | GC: 0.0ms)


  
ActiveRecord::RecordNotFound (Couldn't find Post without an ID):
  
app/controllers/api/v1/reports_controller.rb:51:in 'Api::V1::ReportsController#set_post'
Started GET "/api/v1/reports" for 127.0.0.1 at 2026-08-12 21:00:47 -0500
Processing by Api::V1::ReportsController#index as */*
Completed 404 Not Found in 7ms (ActiveRecord: 0.0ms (0 queries, 0 cached) | GC: 0.0ms)


  
ActiveRecord::RecordNotFound (Couldn't find Post without an ID):
  
app/controllers/api/v1/reports_controller.rb:51:in 'Api::V1::ReportsController#set_post'
Started GET "/api/v1/reports" for 127.0.0.1 at 2026-08-12 21:00:52 -0500
Processing by Api::V1::ReportsController#index as */*
Completed 404 Not Found in 0ms (ActiveRecord: 0.0ms (0 queries, 0 cached) | GC: 0.0ms)


  
ActiveRecord::RecordNotFound (Couldn't find Post without an ID):
  
app/controllers/api/v1/reports_controller.rb:51:in 'Api::V1::ReportsController#set_post'
Started GET "/api/v1/posts" for 127.0.0.1 at 2026-08-12 21:02:15 -0500
Started GET "/api/v1/communities" for 127.0.0.1 at 2026-08-12 21:02:15 -0500
Processing by Api::V1::PostsController#index as */*
Processing by Api::V1::CommunitiesController#index as */*
  [1m[36mPost Load (48.0ms)[0m  [1m[34mSELECT "posts".* FROM "posts" ORDER BY "posts"."created_at" DESC /*action='index',application='Backend',controller='posts'*/[0m
  ↳ app/controllers/api/v1/posts_controller.rb:12:in 'Enumerable#map'
  [1m[36mUser Load (1.3ms)[0m  [1m[34mSELECT "users".* FROM "users" WHERE "users"."id" IN (1, 2) /*action='index',application='Backend',controller='posts'*/[0m
  ↳ app/controllers/api/v1/posts_controller.rb:12:in 'Enumerable#map'
  [1m[36mCommunity Load (0.6ms)[0m  [1m[34mSELECT "communities".* FROM "communities" WHERE "communities"."id" IN (1, 3, 2) /*action='index',application='Backend',controller='posts'*/[0m
  ↳ app/controllers/api/v1/posts_controller.rb:12:in 'Enumerable#map'
Completed 200 OK in 98ms (Views: 1.0ms | ActiveRecord: 75.3ms (3 queries, 0 cached) | GC: 0.4ms)


  [1m[36mCommunity Load (49.2ms)[0m  [1m[34mSELECT "communities".* FROM "communities" ORDER BY "communities"."created_at" DESC /*action='index',application='Backend',controller='communities'*/[0m
  ↳ app/controllers/api/v1/communities_controller.rb:7:in 'Enumerable#map'
  [1m[36mPost Count (0.7ms)[0m  [1m[34mSELECT COUNT(*) FROM "posts" WHERE "posts"."community_id" = 3 /*action='index',application='Backend',controller='communities'*/[0m
  ↳ app/controllers/api/v1/communities_controller.rb:34:in 'Api::V1::CommunitiesController#community_json'
  [1m[36mPost Count (0.2ms)[0m  [1m[34mSELECT COUNT(*) FROM "posts" WHERE "posts"."community_id" = 2 /*action='index',application='Backend',controller='communities'*/[0m
  ↳ app/controllers/api/v1/communities_controller.rb:34:in 'Api::V1::CommunitiesController#community_json'
  [1m[36mPost Count (0.2ms)[0m  [1m[34mSELECT COUNT(*) FROM "posts" WHERE "posts"."community_id" = 1 /*action='index',application='Backend',controller='communities'*/[0m
  ↳ app/controllers/api/v1/communities_controller.rb:34:in 'Api::V1::CommunitiesController#community_json'
Completed 200 OK in 69ms (Views: 0.1ms | ActiveRecord: 90.0ms (4 queries, 0 cached) | GC: 0.4ms)


Started GET "/api/v1/posts/6/comments" for 127.0.0.1 at 2026-08-12 21:02:28 -0500
Processing by Api::V1::CommentsController#index as */*
  Parameters: {"post_id" => "6"}
  [1m[36mPost Load (0.3ms)[0m  [1m[34mSELECT "posts".* FROM "posts" WHERE "posts"."id" = 6 LIMIT 1 /*action='index',application='Backend',controller='comments'*/[0m
  ↳ app/controllers/api/v1/comments_controller.rb:29:in 'Api::V1::CommentsController#set_post'
  [1m[36mComment Load (0.7ms)[0m  [1m[34mSELECT "comments".* FROM "comments" WHERE "comments"."post_id" = 6 ORDER BY "comments"."created_at" ASC /*action='index',application='Backend',controller='comments'*/[0m
  ↳ app/controllers/api/v1/comments_controller.rb:11:in 'Enumerable#map'
Completed 200 OK in 13ms (Views: 0.1ms | ActiveRecord: 1.1ms (2 queries, 0 cached) | GC: 0.0ms)


Started POST "/api/v1/posts/6/reports" for 127.0.0.1 at 2026-08-12 21:02:36 -0500
Processing by Api::V1::ReportsController#create as */*
  Parameters: {"report" => {"user_id" => 1, "reason" => "Mala Publicacion"}, "post_id" => "6"}
  [1m[36mPost Load (0.3ms)[0m  [1m[34mSELECT "posts".* FROM "posts" WHERE "posts"."id" = 6 LIMIT 1 /*action='create',application='Backend',controller='reports'*/[0m
  ↳ app/controllers/api/v1/reports_controller.rb:51:in 'Api::V1::ReportsController#set_post'
  [1m[36mTRANSACTION (0.3ms)[0m  [1m[35mBEGIN /*action='create',application='Backend',controller='reports'*/[0m
  ↳ app/controllers/api/v1/reports_controller.rb:22:in 'Api::V1::ReportsController#create'
  [1m[36mUser Load (5.2ms)[0m  [1m[34mSELECT "users".* FROM "users" WHERE "users"."id" = 1 LIMIT 1 /*action='create',application='Backend',controller='reports'*/[0m
  ↳ app/controllers/api/v1/reports_controller.rb:22:in 'Api::V1::ReportsController#create'
  [1m[36mReport Create (2.8ms)[0m  [1m[32mINSERT INTO "reports" ("user_id", "post_id", "reason", "status", "reviewed_at", "created_at", "updated_at") VALUES (1, 6, 'Mala Publicacion', 0, NULL, '2026-08-13 02:02:36.986406', '2026-08-13 02:02:36.986406') RETURNING "id" /*action='create',application='Backend',controller='reports'*/[0m
  ↳ app/controllers/api/v1/reports_controller.rb:22:in 'Api::V1::ReportsController#create'
  [1m[36mTRANSACTION (0.9ms)[0m  [1m[35mCOMMIT /*action='create',application='Backend',controller='reports'*/[0m
  ↳ app/controllers/api/v1/reports_controller.rb:22:in 'Api::V1::ReportsController#create'
Completed 201 Created in 34ms (Views: 0.2ms | ActiveRecord: 9.4ms (3 queries, 0 cached) | GC: 0.0ms)


Started GET "/api/v1/posts/5/comments" for 127.0.0.1 at 2026-08-12 21:02:40 -0500
Processing by Api::V1::CommentsController#index as */*
  Parameters: {"post_id" => "5"}
  [1m[36mPost Load (0.3ms)[0m  [1m[34mSELECT "posts".* FROM "posts" WHERE "posts"."id" = 5 LIMIT 1 /*action='index',application='Backend',controller='comments'*/[0m
  ↳ app/controllers/api/v1/comments_controller.rb:29:in 'Api::V1::CommentsController#set_post'
  [1m[36mComment Load (0.3ms)[0m  [1m[34mSELECT "comments".* FROM "comments" WHERE "comments"."post_id" = 5 ORDER BY "comments"."created_at" ASC /*action='index',application='Backend',controller='comments'*/[0m
  ↳ app/controllers/api/v1/comments_controller.rb:11:in 'Enumerable#map'
Completed 200 OK in 4ms (Views: 0.1ms | ActiveRecord: 0.6ms (2 queries, 0 cached) | GC: 0.0ms)


Started POST "/api/v1/posts/5/reports" for 127.0.0.1 at 2026-08-12 21:02:48 -0500
Processing by Api::V1::ReportsController#create as */*
  Parameters: {"report" => {"user_id" => 1, "reason" => "Reporte prueba"}, "post_id" => "5"}
  [1m[36mPost Load (0.3ms)[0m  [1m[34mSELECT "posts".* FROM "posts" WHERE "posts"."id" = 5 LIMIT 1 /*action='create',application='Backend',controller='reports'*/[0m
  ↳ app/controllers/api/v1/reports_controller.rb:51:in 'Api::V1::ReportsController#set_post'
  [1m[36mTRANSACTION (0.2ms)[0m  [1m[35mBEGIN /*action='create',application='Backend',controller='reports'*/[0m
  ↳ app/controllers/api/v1/reports_controller.rb:22:in 'Api::V1::ReportsController#create'
  [1m[36mUser Load (2.4ms)[0m  [1m[34mSELECT "users".* FROM "users" WHERE "users"."id" = 1 LIMIT 1 /*action='create',application='Backend',controller='reports'*/[0m
  ↳ app/controllers/api/v1/reports_controller.rb:22:in 'Api::V1::ReportsController#create'
  [1m[36mReport Create (0.5ms)[0m  [1m[32mINSERT INTO "reports" ("user_id", "post_id", "reason", "status", "reviewed_at", "created_at", "updated_at") VALUES (1, 5, 'Reporte prueba', 0, NULL, '2026-08-13 02:02:48.307495', '2026-08-13 02:02:48.307495') RETURNING "id" /*action='create',application='Backend',controller='reports'*/[0m
  ↳ app/controllers/api/v1/reports_controller.rb:22:in 'Api::V1::ReportsController#create'
  [1m[36mTRANSACTION (0.4ms)[0m  [1m[35mCOMMIT /*action='create',application='Backend',controller='reports'*/[0m
  ↳ app/controllers/api/v1/reports_controller.rb:22:in 'Api::V1::ReportsController#create'
Completed 201 Created in 13ms (Views: 0.1ms | ActiveRecord: 3.8ms (3 queries, 0 cached) | GC: 0.0ms)


Started GET "/api/v1/reports" for 127.0.0.1 at 2026-08-12 21:02:57 -0500
Processing by Api::V1::ReportsController#index as */*
Completed 404 Not Found in 1ms (ActiveRecord: 0.0ms (0 queries, 0 cached) | GC: 0.0ms)


  
ActiveRecord::RecordNotFound (Couldn't find Post without an ID):
  
app/controllers/api/v1/reports_controller.rb:51:in 'Api::V1::ReportsController#set_post'
Started PATCH "/api/v1/reports/1" for 127.0.0.1 at 2026-08-12 21:03:10 -0500
Processing by Api::V1::ReportsController#update as */*
  Parameters: {"report" => {"status" => "reviewed"}, "id" => "1"}
  [1m[36mReport Load (0.5ms)[0m  [1m[34mSELECT "reports".* FROM "reports" WHERE "reports"."id" = 1 LIMIT 1 /*action='update',application='Backend',controller='reports'*/[0m
  ↳ app/controllers/api/v1/reports_controller.rb:32:in 'Api::V1::ReportsController#update'
  [1m[36mTRANSACTION (0.2ms)[0m  [1m[35mBEGIN /*action='update',application='Backend',controller='reports'*/[0m
  ↳ app/controllers/api/v1/reports_controller.rb:34:in 'Api::V1::ReportsController#update'
  [1m[36mReport Update (7.0ms)[0m  [1m[33mUPDATE "reports" SET "status" = 1, "reviewed_at" = '2026-08-13 02:03:10.433726', "updated_at" = '2026-08-13 02:03:10.434133' WHERE "reports"."id" = 1 /*action='update',application='Backend',controller='reports'*/[0m
  ↳ app/controllers/api/v1/reports_controller.rb:34:in 'Api::V1::ReportsController#update'
  [1m[36mTRANSACTION (0.4ms)[0m  [1m[35mCOMMIT /*action='update',application='Backend',controller='reports'*/[0m
  ↳ app/controllers/api/v1/reports_controller.rb:34:in 'Api::V1::ReportsController#update'
  [1m[36mPost Load (0.3ms)[0m  [1m[34mSELECT "posts".* FROM "posts" WHERE "posts"."id" = 1 LIMIT 1 /*action='update',application='Backend',controller='reports'*/[0m
  ↳ app/controllers/api/v1/reports_controller.rb:66:in 'Api::V1::ReportsController#report_json'
  [1m[36mUser Load (0.3ms)[0m  [1m[34mSELECT "users".* FROM "users" WHERE "users"."id" = 1 LIMIT 1 /*action='update',application='Backend',controller='reports'*/[0m
  ↳ app/controllers/api/v1/reports_controller.rb:70:in 'Api::V1::ReportsController#report_json'
Completed 200 OK in 24ms (Views: 0.1ms | ActiveRecord: 8.6ms (4 queries, 0 cached) | GC: 3.8ms)


Started PATCH "/api/v1/reports/1" for 127.0.0.1 at 2026-08-12 21:03:29 -0500
Processing by Api::V1::ReportsController#update as */*
  Parameters: {"report" => {"status" => "action_taken"}, "id" => "1"}
  [1m[36mReport Load (0.3ms)[0m  [1m[34mSELECT "reports".* FROM "reports" WHERE "reports"."id" = 1 LIMIT 1 /*action='update',application='Backend',controller='reports'*/[0m
  ↳ app/controllers/api/v1/reports_controller.rb:32:in 'Api::V1::ReportsController#update'
  [1m[36mTRANSACTION (0.1ms)[0m  [1m[35mBEGIN /*action='update',application='Backend',controller='reports'*/[0m
  ↳ app/controllers/api/v1/reports_controller.rb:34:in 'Api::V1::ReportsController#update'
  [1m[36mReport Update (2.5ms)[0m  [1m[33mUPDATE "reports" SET "status" = 3, "reviewed_at" = '2026-08-13 02:03:29.629340', "updated_at" = '2026-08-13 02:03:29.629625' WHERE "reports"."id" = 1 /*action='update',application='Backend',controller='reports'*/[0m
  ↳ app/controllers/api/v1/reports_controller.rb:34:in 'Api::V1::ReportsController#update'
  [1m[36mTRANSACTION (0.4ms)[0m  [1m[35mCOMMIT /*action='update',application='Backend',controller='reports'*/[0m
  ↳ app/controllers/api/v1/reports_controller.rb:34:in 'Api::V1::ReportsController#update'
  [1m[36mPost Load (0.4ms)[0m  [1m[34mSELECT "posts".* FROM "posts" WHERE "posts"."id" = 1 LIMIT 1 /*action='update',application='Backend',controller='reports'*/[0m
  ↳ app/controllers/api/v1/reports_controller.rb:38:in 'Api::V1::ReportsController#update'
  [1m[36mTRANSACTION (0.1ms)[0m  [1m[35mBEGIN /*action='update',application='Backend',controller='reports'*/[0m
  ↳ app/controllers/api/v1/reports_controller.rb:38:in 'Api::V1::ReportsController#update'
  [1m[36mPost Update (2.7ms)[0m  [1m[33mUPDATE "posts" SET "status" = 2, "updated_at" = '2026-08-13 02:03:29.638671' WHERE "posts"."id" = 1 /*action='update',application='Backend',controller='reports'*/[0m
  ↳ app/controllers/api/v1/reports_controller.rb:38:in 'Api::V1::ReportsController#update'
  [1m[36mTRANSACTION (0.4ms)[0m  [1m[35mCOMMIT /*action='update',application='Backend',controller='reports'*/[0m
  ↳ app/controllers/api/v1/reports_controller.rb:38:in 'Api::V1::ReportsController#update'
  [1m[36mUser Load (0.5ms)[0m  [1m[34mSELECT "users".* FROM "users" WHERE "users"."id" = 1 LIMIT 1 /*action='update',application='Backend',controller='reports'*/[0m
  ↳ app/controllers/api/v1/reports_controller.rb:70:in 'Api::V1::ReportsController#report_json'
Completed 200 OK in 22ms (Views: 0.1ms | ActiveRecord: 7.5ms (5 queries, 0 cached) | GC: 1.0ms)


Started GET "/api/v1/reports" for 127.0.0.1 at 2026-08-12 21:03:37 -0500
Processing by Api::V1::ReportsController#index as */*
Completed 404 Not Found in 0ms (ActiveRecord: 0.0ms (0 queries, 0 cached) | GC: 0.0ms)


  
ActiveRecord::RecordNotFound (Couldn't find Post without an ID):
  
app/controllers/api/v1/reports_controller.rb:51:in 'Api::V1::ReportsController#set_post'
Started GET "/api/v1/posts" for 127.0.0.1 at 2026-08-12 21:07:31 -0500
Started GET "/api/v1/communities" for 127.0.0.1 at 2026-08-12 21:07:31 -0500
Processing by Api::V1::PostsController#index as */*
Processing by Api::V1::CommunitiesController#index as */*
  [1m[36mPost Load (17.4ms)[0m  [1m[34mSELECT "posts".* FROM "posts" ORDER BY "posts"."created_at" DESC /*action='index',application='Backend',controller='posts'*/[0m
  ↳ app/controllers/api/v1/posts_controller.rb:12:in 'Enumerable#map'
  [1m[36mUser Load (2.1ms)[0m  [1m[34mSELECT "users".* FROM "users" WHERE "users"."id" IN (1, 2) /*action='index',application='Backend',controller='posts'*/[0m
  ↳ app/controllers/api/v1/posts_controller.rb:12:in 'Enumerable#map'
  [1m[36mCommunity Load (1.1ms)[0m  [1m[34mSELECT "communities".* FROM "communities" WHERE "communities"."id" IN (1, 3, 2) /*action='index',application='Backend',controller='posts'*/[0m
  ↳ app/controllers/api/v1/posts_controller.rb:12:in 'Enumerable#map'
Completed 200 OK in 51ms (Views: 1.1ms | ActiveRecord: 20.6ms (3 queries, 0 cached) | GC: 9.9ms)


  [1m[36mCommunity Load (47.8ms)[0m  [1m[34mSELECT "communities".* FROM "communities" ORDER BY "communities"."created_at" DESC /*action='index',application='Backend',controller='communities'*/[0m
  ↳ app/controllers/api/v1/communities_controller.rb:7:in 'Enumerable#map'
  [1m[36mPost Count (0.9ms)[0m  [1m[34mSELECT COUNT(*) FROM "posts" WHERE "posts"."community_id" = 3 /*action='index',application='Backend',controller='communities'*/[0m
  ↳ app/controllers/api/v1/communities_controller.rb:34:in 'Api::V1::CommunitiesController#community_json'
  [1m[36mPost Count (0.3ms)[0m  [1m[34mSELECT COUNT(*) FROM "posts" WHERE "posts"."community_id" = 2 /*action='index',application='Backend',controller='communities'*/[0m
  ↳ app/controllers/api/v1/communities_controller.rb:34:in 'Api::V1::CommunitiesController#community_json'
  [1m[36mPost Count (0.2ms)[0m  [1m[34mSELECT COUNT(*) FROM "posts" WHERE "posts"."community_id" = 1 /*action='index',application='Backend',controller='communities'*/[0m
  ↳ app/controllers/api/v1/communities_controller.rb:34:in 'Api::V1::CommunitiesController#community_json'
Completed 200 OK in 73ms (Views: 0.4ms | ActiveRecord: 76.4ms (4 queries, 0 cached) | GC: 18.5ms)


Started GET "/api/v1/reports" for 127.0.0.1 at 2026-08-12 21:07:44 -0500
Processing by Api::V1::ReportsController#index as */*
Completed 404 Not Found in 1ms (ActiveRecord: 0.0ms (0 queries, 0 cached) | GC: 0.0ms)


  
ActiveRecord::RecordNotFound (Couldn't find Post without an ID):
  
app/controllers/api/v1/reports_controller.rb:51:in 'Api::V1::ReportsController#set_post'
Using vips to process variants requires the libvips library. Please install libvips using the instructions on the libvips website.
Started GET "/api/v1/reports" for 127.0.0.1 at 2026-08-12 21:12:49 -0500
  [1m[36mActiveRecord::SchemaMigration Load (2.0ms)[0m  [1m[34mSELECT "schema_migrations"."version" FROM "schema_migrations" ORDER BY "schema_migrations"."version" ASC /*application='Backend'*/[0m
Processing by Api::V1::ReportsController#index as */*
Completed 404 Not Found in 45ms (ActiveRecord: 19.4ms (0 queries, 0 cached) | GC: 0.0ms)


  
ActiveRecord::RecordNotFound (Couldn't find Post without an ID):
  
app/controllers/api/v1/reports_controller.rb:51:in 'Api::V1::ReportsController#set_post'
Using vips to process variants requires the libvips library. Please install libvips using the instructions on the libvips website.
Started GET "/api/v1/reports" for 127.0.0.1 at 2026-08-12 21:14:48 -0500
  [1m[36mActiveRecord::SchemaMigration Load (0.7ms)[0m  [1m[34mSELECT "schema_migrations"."version" FROM "schema_migrations" ORDER BY "schema_migrations"."version" ASC /*application='Backend'*/[0m
Processing by Api::V1::ReportsController#index as */*
  [1m[36mReport Load (3.9ms)[0m  [1m[34mSELECT "reports".* FROM "reports" ORDER BY "reports"."status" ASC, "reports"."created_at" DESC /*action='index',application='Backend',controller='reports'*/[0m
  ↳ app/controllers/api/v1/reports_controller.rb:14:in 'Enumerable#map'
  [1m[36mUser Load (0.7ms)[0m  [1m[34mSELECT "users".* FROM "users" WHERE "users"."id" = 1 /*action='index',application='Backend',controller='reports'*/[0m
  ↳ app/controllers/api/v1/reports_controller.rb:14:in 'Enumerable#map'
  [1m[36mPost Load (0.7ms)[0m  [1m[34mSELECT "posts".* FROM "posts" WHERE "posts"."id" IN (5, 6, 7, 1) /*action='index',application='Backend',controller='reports'*/[0m
  ↳ app/controllers/api/v1/reports_controller.rb:14:in 'Enumerable#map'
Completed 200 OK in 127ms (Views: 0.3ms | ActiveRecord: 33.4ms (3 queries, 0 cached) | GC: 0.0ms)


Using vips to process variants requires the libvips library. Please install libvips using the instructions on the libvips website.
Started GET "/api/v1/reports" for 127.0.0.1 at 2026-08-12 21:17:19 -0500
  [1m[36mActiveRecord::SchemaMigration Load (0.7ms)[0m  [1m[34mSELECT "schema_migrations"."version" FROM "schema_migrations" ORDER BY "schema_migrations"."version" ASC /*application='Backend'*/[0m
Processing by Api::V1::ReportsController#index as */*
  [1m[36mReport Load (0.8ms)[0m  [1m[34mSELECT "reports".* FROM "reports" ORDER BY "reports"."status" ASC, "reports"."created_at" DESC /*action='index',application='Backend',controller='reports'*/[0m
  ↳ app/controllers/api/v1/reports_controller.rb:14:in 'Enumerable#map'
  [1m[36mUser Load (0.7ms)[0m  [1m[34mSELECT "users".* FROM "users" WHERE "users"."id" = 1 /*action='index',application='Backend',controller='reports'*/[0m
  ↳ app/controllers/api/v1/reports_controller.rb:14:in 'Enumerable#map'
  [1m[36mPost Load (0.8ms)[0m  [1m[34mSELECT "posts".* FROM "posts" WHERE "posts"."id" IN (5, 6, 7, 1) /*action='index',application='Backend',controller='reports'*/[0m
  ↳ app/controllers/api/v1/reports_controller.rb:14:in 'Enumerable#map'
Completed 200 OK in 114ms (Views: 0.3ms | ActiveRecord: 14.1ms (3 queries, 0 cached) | GC: 0.0ms)


Started GET "/api/v1/reports" for 127.0.0.1 at 2026-08-12 21:17:30 -0500
Processing by Api::V1::ReportsController#index as */*
  [1m[36mReport Load (0.3ms)[0m  [1m[34mSELECT "reports".* FROM "reports" ORDER BY "reports"."status" ASC, "reports"."created_at" DESC /*action='index',application='Backend',controller='reports'*/[0m
  ↳ app/controllers/api/v1/reports_controller.rb:14:in 'Enumerable#map'
  [1m[36mUser Load (0.2ms)[0m  [1m[34mSELECT "users".* FROM "users" WHERE "users"."id" = 1 /*action='index',application='Backend',controller='reports'*/[0m
  ↳ app/controllers/api/v1/reports_controller.rb:14:in 'Enumerable#map'
  [1m[36mPost Load (0.2ms)[0m  [1m[34mSELECT "posts".* FROM "posts" WHERE "posts"."id" IN (5, 6, 7, 1) /*action='index',application='Backend',controller='reports'*/[0m
  ↳ app/controllers/api/v1/reports_controller.rb:14:in 'Enumerable#map'
Completed 200 OK in 5ms (Views: 0.1ms | ActiveRecord: 0.8ms (3 queries, 0 cached) | GC: 0.0ms)


Started GET "/api/v1/posts" for 127.0.0.1 at 2026-08-12 21:18:29 -0500
Started GET "/api/v1/communities" for 127.0.0.1 at 2026-08-12 21:18:29 -0500
Processing by Api::V1::CommunitiesController#index as */*
  [1m[36mCommunity Load (2.9ms)[0m  [1m[34mSELECT "communities".* FROM "communities" ORDER BY "communities"."created_at" DESC /*action='index',application='Backend',controller='communities'*/[0m
  ↳ app/controllers/api/v1/communities_controller.rb:7:in 'Enumerable#map'
Processing by Api::V1::PostsController#index as */*
  [1m[36mPost Count (3.8ms)[0m  [1m[34mSELECT COUNT(*) FROM "posts" WHERE "posts"."community_id" = 3 /*action='index',application='Backend',controller='communities'*/[0m
  ↳ app/controllers/api/v1/communities_controller.rb:34:in 'Api::V1::CommunitiesController#community_json'
  [1m[36mPost Count (0.4ms)[0m  [1m[34mSELECT COUNT(*) FROM "posts" WHERE "posts"."community_id" = 2 /*action='index',application='Backend',controller='communities'*/[0m
  ↳ app/controllers/api/v1/communities_controller.rb:34:in 'Api::V1::CommunitiesController#community_json'
  [1m[36mPost Count (0.3ms)[0m  [1m[34mSELECT COUNT(*) FROM "posts" WHERE "posts"."community_id" = 1 /*action='index',application='Backend',controller='communities'*/[0m
  ↳ app/controllers/api/v1/communities_controller.rb:34:in 'Api::V1::CommunitiesController#community_json'
Completed 200 OK in 105ms (Views: 0.9ms | ActiveRecord: 18.0ms (4 queries, 0 cached) | GC: 0.0ms)


  [1m[36mPost Load (46.6ms)[0m  [1m[34mSELECT "posts".* FROM "posts" ORDER BY "posts"."created_at" DESC /*action='index',application='Backend',controller='posts'*/[0m
  ↳ app/controllers/api/v1/posts_controller.rb:12:in 'Enumerable#map'
  [1m[36mUser Load (0.9ms)[0m  [1m[34mSELECT "users".* FROM "users" WHERE "users"."id" IN (1, 2) /*action='index',application='Backend',controller='posts'*/[0m
  ↳ app/controllers/api/v1/posts_controller.rb:12:in 'Enumerable#map'
  [1m[36mCommunity Load (0.8ms)[0m  [1m[34mSELECT "communities".* FROM "communities" WHERE "communities"."id" IN (1, 3, 2) /*action='index',application='Backend',controller='posts'*/[0m
  ↳ app/controllers/api/v1/posts_controller.rb:12:in 'Enumerable#map'
Completed 200 OK in 61ms (Views: 0.3ms | ActiveRecord: 61.2ms (3 queries, 0 cached) | GC: 0.0ms)


Started GET "/api/v1/reports" for 127.0.0.1 at 2026-08-12 21:18:31 -0500
Processing by Api::V1::ReportsController#index as */*
  [1m[36mReport Load (0.9ms)[0m  [1m[34mSELECT "reports".* FROM "reports" ORDER BY "reports"."status" ASC, "reports"."created_at" DESC /*action='index',application='Backend',controller='reports'*/[0m
  ↳ app/controllers/api/v1/reports_controller.rb:14:in 'Enumerable#map'
  [1m[36mUser Load (0.5ms)[0m  [1m[34mSELECT "users".* FROM "users" WHERE "users"."id" = 1 /*action='index',application='Backend',controller='reports'*/[0m
  ↳ app/controllers/api/v1/reports_controller.rb:14:in 'Enumerable#map'
  [1m[36mPost Load (0.9ms)[0m  [1m[34mSELECT "posts".* FROM "posts" WHERE "posts"."id" IN (5, 6, 7, 1) /*action='index',application='Backend',controller='reports'*/[0m
  ↳ app/controllers/api/v1/reports_controller.rb:14:in 'Enumerable#map'
Completed 200 OK in 9ms (Views: 0.3ms | ActiveRecord: 2.3ms (3 queries, 0 cached) | GC: 0.0ms)


Started PATCH "/api/v1/reports/4" for 127.0.0.1 at 2026-08-12 21:18:43 -0500
Processing by Api::V1::ReportsController#update as */*
  Parameters: {"report" => {"status" => "dismissed"}, "id" => "4"}
  [1m[36mReport Load (2.6ms)[0m  [1m[34mSELECT "reports".* FROM "reports" WHERE "reports"."id" = 4 LIMIT 1 /*action='update',application='Backend',controller='reports'*/[0m
  ↳ app/controllers/api/v1/reports_controller.rb:31:in 'Api::V1::ReportsController#update'
  [1m[36mTRANSACTION (0.2ms)[0m  [1m[35mBEGIN /*action='update',application='Backend',controller='reports'*/[0m
  ↳ app/controllers/api/v1/reports_controller.rb:33:in 'Api::V1::ReportsController#update'
  [1m[36mReport Update (25.5ms)[0m  [1m[33mUPDATE "reports" SET "status" = 2, "reviewed_at" = '2026-08-13 02:18:43.964369', "updated_at" = '2026-08-13 02:18:43.967229' WHERE "reports"."id" = 4 /*action='update',application='Backend',controller='reports'*/[0m
  ↳ app/controllers/api/v1/reports_controller.rb:33:in 'Api::V1::ReportsController#update'
  [1m[36mTRANSACTION (1.6ms)[0m  [1m[35mCOMMIT /*action='update',application='Backend',controller='reports'*/[0m
  ↳ app/controllers/api/v1/reports_controller.rb:33:in 'Api::V1::ReportsController#update'
  [1m[36mPost Load (0.4ms)[0m  [1m[34mSELECT "posts".* FROM "posts" WHERE "posts"."id" = 5 LIMIT 1 /*action='update',application='Backend',controller='reports'*/[0m
  ↳ app/controllers/api/v1/reports_controller.rb:65:in 'Api::V1::ReportsController#report_json'
  [1m[36mUser Load (0.3ms)[0m  [1m[34mSELECT "users".* FROM "users" WHERE "users"."id" = 1 LIMIT 1 /*action='update',application='Backend',controller='reports'*/[0m
  ↳ app/controllers/api/v1/reports_controller.rb:69:in 'Api::V1::ReportsController#report_json'
Completed 200 OK in 55ms (Views: 0.2ms | ActiveRecord: 30.4ms (4 queries, 0 cached) | GC: 0.0ms)


Started GET "/api/v1/reports" for 127.0.0.1 at 2026-08-12 21:18:44 -0500
Processing by Api::V1::ReportsController#index as */*
  [1m[36mReport Load (5.6ms)[0m  [1m[34mSELECT "reports".* FROM "reports" ORDER BY "reports"."status" ASC, "reports"."created_at" DESC /*action='index',application='Backend',controller='reports'*/[0m
  ↳ app/controllers/api/v1/reports_controller.rb:14:in 'Enumerable#map'
  [1m[36mUser Load (1.1ms)[0m  [1m[34mSELECT "users".* FROM "users" WHERE "users"."id" = 1 /*action='index',application='Backend',controller='reports'*/[0m
  ↳ app/controllers/api/v1/reports_controller.rb:14:in 'Enumerable#map'
  [1m[36mPost Load (0.3ms)[0m  [1m[34mSELECT "posts".* FROM "posts" WHERE "posts"."id" IN (6, 7, 5, 1) /*action='index',application='Backend',controller='reports'*/[0m
  ↳ app/controllers/api/v1/reports_controller.rb:14:in 'Enumerable#map'
Completed 200 OK in 15ms (Views: 0.2ms | ActiveRecord: 7.0ms (3 queries, 0 cached) | GC: 0.0ms)


Started PATCH "/api/v1/reports/3" for 127.0.0.1 at 2026-08-12 21:18:47 -0500
Processing by Api::V1::ReportsController#update as */*
  Parameters: {"report" => {"status" => "reviewed"}, "id" => "3"}
  [1m[36mReport Load (0.3ms)[0m  [1m[34mSELECT "reports".* FROM "reports" WHERE "reports"."id" = 3 LIMIT 1 /*action='update',application='Backend',controller='reports'*/[0m
  ↳ app/controllers/api/v1/reports_controller.rb:31:in 'Api::V1::ReportsController#update'
  [1m[36mTRANSACTION (0.1ms)[0m  [1m[35mBEGIN /*action='update',application='Backend',controller='reports'*/[0m
  ↳ app/controllers/api/v1/reports_controller.rb:33:in 'Api::V1::ReportsController#update'
  [1m[36mReport Update (2.0ms)[0m  [1m[33mUPDATE "reports" SET "status" = 1, "reviewed_at" = '2026-08-13 02:18:47.726493', "updated_at" = '2026-08-13 02:18:47.726840' WHERE "reports"."id" = 3 /*action='update',application='Backend',controller='reports'*/[0m
  ↳ app/controllers/api/v1/reports_controller.rb:33:in 'Api::V1::ReportsController#update'
  [1m[36mTRANSACTION (0.8ms)[0m  [1m[35mCOMMIT /*action='update',application='Backend',controller='reports'*/[0m
  ↳ app/controllers/api/v1/reports_controller.rb:33:in 'Api::V1::ReportsController#update'
  [1m[36mPost Load (0.3ms)[0m  [1m[34mSELECT "posts".* FROM "posts" WHERE "posts"."id" = 6 LIMIT 1 /*action='update',application='Backend',controller='reports'*/[0m
  ↳ app/controllers/api/v1/reports_controller.rb:65:in 'Api::V1::ReportsController#report_json'
  [1m[36mUser Load (0.3ms)[0m  [1m[34mSELECT "users".* FROM "users" WHERE "users"."id" = 1 LIMIT 1 /*action='update',application='Backend',controller='reports'*/[0m
  ↳ app/controllers/api/v1/reports_controller.rb:69:in 'Api::V1::ReportsController#report_json'
Completed 200 OK in 12ms (Views: 0.2ms | ActiveRecord: 3.8ms (4 queries, 0 cached) | GC: 0.0ms)


Started GET "/api/v1/reports" for 127.0.0.1 at 2026-08-12 21:18:47 -0500
Processing by Api::V1::ReportsController#index as */*
  [1m[36mReport Load (0.3ms)[0m  [1m[34mSELECT "reports".* FROM "reports" ORDER BY "reports"."status" ASC, "reports"."created_at" DESC /*action='index',application='Backend',controller='reports'*/[0m
  ↳ app/controllers/api/v1/reports_controller.rb:14:in 'Enumerable#map'
  [1m[36mUser Load (0.3ms)[0m  [1m[34mSELECT "users".* FROM "users" WHERE "users"."id" = 1 /*action='index',application='Backend',controller='reports'*/[0m
  ↳ app/controllers/api/v1/reports_controller.rb:14:in 'Enumerable#map'
  [1m[36mPost Load (0.4ms)[0m  [1m[34mSELECT "posts".* FROM "posts" WHERE "posts"."id" IN (7, 6, 5, 1) /*action='index',application='Backend',controller='reports'*/[0m
  ↳ app/controllers/api/v1/reports_controller.rb:14:in 'Enumerable#map'
Completed 200 OK in 8ms (Views: 0.1ms | ActiveRecord: 1.0ms (3 queries, 0 cached) | GC: 0.0ms)


Started GET "/api/v1/posts" for 127.0.0.1 at 2026-08-12 21:19:06 -0500
Started GET "/api/v1/communities" for 127.0.0.1 at 2026-08-12 21:19:06 -0500
Processing by Api::V1::CommunitiesController#index as */*
  [1m[36mCommunity Load (0.5ms)[0m  [1m[34mSELECT "communities".* FROM "communities" ORDER BY "communities"."created_at" DESC /*action='index',application='Backend',controller='communities'*/[0m
  ↳ app/controllers/api/v1/communities_controller.rb:7:in 'Enumerable#map'
  [1m[36mPost Count (0.5ms)[0m  [1m[34mSELECT COUNT(*) FROM "posts" WHERE "posts"."community_id" = 3 /*action='index',application='Backend',controller='communities'*/[0m
  ↳ app/controllers/api/v1/communities_controller.rb:34:in 'Api::V1::CommunitiesController#community_json'
Processing by Api::V1::PostsController#index as */*
  [1m[36mPost Count (0.9ms)[0m  [1m[34mSELECT COUNT(*) FROM "posts" WHERE "posts"."community_id" = 2 /*action='index',application='Backend',controller='communities'*/[0m
  ↳ app/controllers/api/v1/communities_controller.rb:34:in 'Api::V1::CommunitiesController#community_json'
  [1m[36mPost Load (1.9ms)[0m  [1m[34mSELECT "posts".* FROM "posts" ORDER BY "posts"."created_at" DESC /*action='index',application='Backend',controller='posts'*/[0m
  ↳ app/controllers/api/v1/posts_controller.rb:12:in 'Enumerable#map'
  [1m[36mPost Count (2.2ms)[0m  [1m[34mSELECT COUNT(*) FROM "posts" WHERE "posts"."community_id" = 1 /*action='index',application='Backend',controller='communities'*/[0m
  ↳ app/controllers/api/v1/communities_controller.rb:34:in 'Api::V1::CommunitiesController#community_json'
Completed 200 OK in 12ms (Views: 0.1ms | ActiveRecord: 4.2ms (4 queries, 0 cached) | GC: 0.0ms)


  [1m[36mUser Load (2.1ms)[0m  [1m[34mSELECT "users".* FROM "users" WHERE "users"."id" IN (1, 2) /*action='index',application='Backend',controller='posts'*/[0m
  ↳ app/controllers/api/v1/posts_controller.rb:12:in 'Enumerable#map'
  [1m[36mCommunity Load (0.5ms)[0m  [1m[34mSELECT "communities".* FROM "communities" WHERE "communities"."id" IN (1, 3, 2) /*action='index',application='Backend',controller='posts'*/[0m
  ↳ app/controllers/api/v1/posts_controller.rb:12:in 'Enumerable#map'
Completed 200 OK in 12ms (Views: 0.1ms | ActiveRecord: 4.5ms (3 queries, 0 cached) | GC: 0.0ms)


Using vips to process variants requires the libvips library. Please install libvips using the instructions on the libvips website.
Using vips to process variants requires the libvips library. Please install libvips using the instructions on the libvips website.
  [1m[35m (0.3ms)[0m  [1m[34mSELECT pg_try_advisory_lock(5073945470573576205) /*application='Backend'*/[0m
  [1m[36mActiveRecord::SchemaMigration Load (0.9ms)[0m  [1m[34mSELECT "schema_migrations"."version" FROM "schema_migrations" ORDER BY "schema_migrations"."version" ASC /*application='Backend'*/[0m
  [1m[36mActiveRecord::InternalMetadata Load (2.2ms)[0m  [1m[34mSELECT * FROM "ar_internal_metadata" WHERE "ar_internal_metadata"."key" = 'environment' ORDER BY "ar_internal_metadata"."key" ASC LIMIT 1 /*application='Backend'*/[0m
Migrating to CreateSavedPosts (20260813022015)
  [1m[36mTRANSACTION (0.2ms)[0m  [1m[35mBEGIN /*application='Backend'*/[0m
  [1m[35m (30.5ms)[0m  [1m[35mCREATE TABLE "saved_posts" ("id" bigserial primary key, "user_id" bigint NOT NULL, "post_id" bigint NOT NULL, "created_at" timestamp(6) NOT NULL, "updated_at" timestamp(6) NOT NULL, CONSTRAINT "fk_rails_afdf46603a"
FOREIGN KEY ("user_id")
  REFERENCES "users" ("id")
, CONSTRAINT "fk_rails_0ac65331e7"
FOREIGN KEY ("post_id")
  REFERENCES "posts" ("id")
) /*application='Backend'*/[0m
  [1m[35m (2.5ms)[0m  [1m[35mCREATE INDEX "index_saved_posts_on_user_id" ON "saved_posts" ("user_id") /*application='Backend'*/[0m
  [1m[35m (4.4ms)[0m  [1m[35mCREATE INDEX "index_saved_posts_on_post_id" ON "saved_posts" ("post_id") /*application='Backend'*/[0m
  [1m[36mActiveRecord::SchemaMigration Create (1.6ms)[0m  [1m[32mINSERT INTO "schema_migrations" ("version") VALUES ('20260813022015') RETURNING "version" /*application='Backend'*/[0m
  [1m[36mTRANSACTION (0.4ms)[0m  [1m[35mCOMMIT /*application='Backend'*/[0m
  [1m[35m (0.4ms)[0m  [1m[34mSELECT pg_advisory_unlock(5073945470573576205) /*application='Backend'*/[0m
  [1m[36mActiveRecord::SchemaMigration Load (0.2ms)[0m  [1m[34mSELECT "schema_migrations"."version" FROM "schema_migrations" ORDER BY "schema_migrations"."version" ASC /*application='Backend'*/[0m
  [1m[35mSQL (0.1ms)[0m  [1m[35mSET search_path TO public /*application='Backend'*/[0m
  [1m[35mSQL (0.5ms)[0m  [1m[35mSET search_path TO "$user", public /*application='Backend'*/[0m
  [1m[35mSQL (0.1ms)[0m  [1m[35mSET search_path TO public /*application='Backend'*/[0m
  [1m[35mSQL (0.1ms)[0m  [1m[35mSET search_path TO "$user", public /*application='Backend'*/[0m
Using vips to process variants requires the libvips library. Please install libvips using the instructions on the libvips website.
  [1m[35m (0.1ms)[0m  [1m[34mSELECT pg_try_advisory_lock(5073945470573576205) /*application='Backend'*/[0m
  [1m[36mActiveRecord::SchemaMigration Load (1.5ms)[0m  [1m[34mSELECT "schema_migrations"."version" FROM "schema_migrations" ORDER BY "schema_migrations"."version" ASC /*application='Backend'*/[0m
  [1m[36mActiveRecord::InternalMetadata Load (1.0ms)[0m  [1m[34mSELECT * FROM "ar_internal_metadata" WHERE "ar_internal_metadata"."key" = 'environment' ORDER BY "ar_internal_metadata"."key" ASC LIMIT 1 /*application='Backend'*/[0m
  [1m[35m (0.2ms)[0m  [1m[34mSELECT pg_advisory_unlock(5073945470573576205) /*application='Backend'*/[0m
  [1m[36mActiveRecord::SchemaMigration Load (0.2ms)[0m  [1m[34mSELECT "schema_migrations"."version" FROM "schema_migrations" ORDER BY "schema_migrations"."version" ASC /*application='Backend'*/[0m
  [1m[35mSQL (0.1ms)[0m  [1m[35mSET search_path TO public /*application='Backend'*/[0m
  [1m[35mSQL (0.2ms)[0m  [1m[35mSET search_path TO "$user", public /*application='Backend'*/[0m
  [1m[35mSQL (0.1ms)[0m  [1m[35mSET search_path TO public /*application='Backend'*/[0m
  [1m[35mSQL (0.1ms)[0m  [1m[35mSET search_path TO "$user", public /*application='Backend'*/[0m
Using vips to process variants requires the libvips library. Please install libvips using the instructions on the libvips website.
  [1m[36mActiveRecord::SchemaMigration Load (0.8ms)[0m  [1m[34mSELECT "schema_migrations"."version" FROM "schema_migrations" ORDER BY "schema_migrations"."version" ASC /*application='Backend'*/[0m
Using vips to process variants requires the libvips library. Please install libvips using the instructions on the libvips website.
Using vips to process variants requires the libvips library. Please install libvips using the instructions on the libvips website.
  [1m[36mUser Load (0.8ms)[0m  [1m[34mSELECT "users".* FROM "users" WHERE "users"."id" = 1 LIMIT 1 /*application='Backend'*/[0m
  [1m[36mPost Load (0.5ms)[0m  [1m[34mSELECT "posts".* FROM "posts" WHERE "posts"."id" = 1 LIMIT 1 /*application='Backend'*/[0m
  [1m[36mSavedPost Exists? (4.2ms)[0m  [1m[34mSELECT 1 AS one FROM "saved_posts" WHERE "saved_posts"."user_id" = 1 AND "saved_posts"."post_id" = 1 LIMIT 1 /*application='Backend'*/[0m
Using vips to process variants requires the libvips library. Please install libvips using the instructions on the libvips website.
Using vips to process variants requires the libvips library. Please install libvips using the instructions on the libvips website.
Started POST "/api/v1/posts/1/saved_posts" for 127.0.0.1 at 2026-08-12 21:26:53 -0500
  [1m[36mActiveRecord::SchemaMigration Load (1.0ms)[0m  [1m[34mSELECT "schema_migrations"."version" FROM "schema_migrations" ORDER BY "schema_migrations"."version" ASC /*application='Backend'*/[0m
Processing by Api::V1::SavedPostsController#create as */*
  Parameters: {"saved_post" => {"user_id" => 1}, "post_id" => "1"}
  [1m[36mPost Load (0.8ms)[0m  [1m[34mSELECT "posts".* FROM "posts" WHERE "posts"."id" = 1 LIMIT 1 /*action='create',application='Backend',controller='saved_posts'*/[0m
  ↳ app/controllers/api/v1/saved_posts_controller.rb:15:in 'Api::V1::SavedPostsController#create'
  [1m[36mUser Load (0.4ms)[0m  [1m[34mSELECT "users".* FROM "users" WHERE "users"."id" = 1 LIMIT 1 /*action='create',application='Backend',controller='saved_posts'*/[0m
  ↳ app/controllers/api/v1/saved_posts_controller.rb:16:in 'Api::V1::SavedPostsController#create'
  [1m[36mSavedPost Load (0.4ms)[0m  [1m[34mSELECT "saved_posts".* FROM "saved_posts" WHERE "saved_posts"."user_id" = 1 AND "saved_posts"."post_id" = 1 LIMIT 1 /*action='create',application='Backend',controller='saved_posts'*/[0m
  ↳ app/controllers/api/v1/saved_posts_controller.rb:18:in 'Api::V1::SavedPostsController#create'
  [1m[36mTRANSACTION (0.1ms)[0m  [1m[35mBEGIN /*action='create',application='Backend',controller='saved_posts'*/[0m
  ↳ app/controllers/api/v1/saved_posts_controller.rb:23:in 'Api::V1::SavedPostsController#create'
  [1m[36mSavedPost Exists? (1.5ms)[0m  [1m[34mSELECT 1 AS one FROM "saved_posts" WHERE "saved_posts"."user_id" = 1 AND "saved_posts"."post_id" = 1 LIMIT 1 /*action='create',application='Backend',controller='saved_posts'*/[0m
  ↳ app/controllers/api/v1/saved_posts_controller.rb:23:in 'Api::V1::SavedPostsController#create'
  [1m[36mSavedPost Create (7.1ms)[0m  [1m[32mINSERT INTO "saved_posts" ("user_id", "post_id", "created_at", "updated_at") VALUES (1, 1, '2026-08-13 02:26:53.905359', '2026-08-13 02:26:53.905359') RETURNING "id" /*action='create',application='Backend',controller='saved_posts'*/[0m
  ↳ app/controllers/api/v1/saved_posts_controller.rb:23:in 'Api::V1::SavedPostsController#create'
  [1m[36mTRANSACTION (0.4ms)[0m  [1m[35mCOMMIT /*action='create',application='Backend',controller='saved_posts'*/[0m
  ↳ app/controllers/api/v1/saved_posts_controller.rb:23:in 'Api::V1::SavedPostsController#create'
  [1m[36mUser Load (0.3ms)[0m  [1m[34mSELECT "users".* FROM "users" WHERE "users"."id" = 1 LIMIT 1 /*action='create',application='Backend',controller='saved_posts'*/[0m
  ↳ app/controllers/api/v1/saved_posts_controller.rb:59:in 'Api::V1::SavedPostsController#saved_post_json'
  [1m[36mCommunity Load (0.8ms)[0m  [1m[34mSELECT "communities".* FROM "communities" WHERE "communities"."id" = 1 LIMIT 1 /*action='create',application='Backend',controller='saved_posts'*/[0m
  ↳ app/controllers/api/v1/saved_posts_controller.rb:63:in 'Api::V1::SavedPostsController#saved_post_json'
Completed 201 Created in 108ms (Views: 0.8ms | ActiveRecord: 37.0ms (7 queries, 0 cached) | GC: 0.0ms)


Started GET "/api/v1/users/1/saved_posts" for 127.0.0.1 at 2026-08-12 21:27:00 -0500
Processing by Api::V1::SavedPostsController#index as */*
  Parameters: {"user_id" => "1"}
  [1m[36mUser Load (0.6ms)[0m  [1m[34mSELECT "users".* FROM "users" WHERE "users"."id" = 1 LIMIT 1 /*action='index',application='Backend',controller='saved_posts'*/[0m
  ↳ app/controllers/api/v1/saved_posts_controller.rb:5:in 'Api::V1::SavedPostsController#index'
  [1m[36mSavedPost Load (0.7ms)[0m  [1m[34mSELECT "saved_posts".* FROM "saved_posts" WHERE "saved_posts"."user_id" = 1 ORDER BY "saved_posts"."created_at" DESC /*action='index',application='Backend',controller='saved_posts'*/[0m
  ↳ app/controllers/api/v1/saved_posts_controller.rb:11:in 'Enumerable#map'
  [1m[36mPost Load (0.5ms)[0m  [1m[34mSELECT "posts".* FROM "posts" WHERE "posts"."id" = 1 /*action='index',application='Backend',controller='saved_posts'*/[0m
  ↳ app/controllers/api/v1/saved_posts_controller.rb:11:in 'Enumerable#map'
  [1m[36mUser Load (0.2ms)[0m  [1m[34mSELECT "users".* FROM "users" WHERE "users"."id" = 1 /*action='index',application='Backend',controller='saved_posts'*/[0m
  ↳ app/controllers/api/v1/saved_posts_controller.rb:11:in 'Enumerable#map'
  [1m[36mCommunity Load (0.2ms)[0m  [1m[34mSELECT "communities".* FROM "communities" WHERE "communities"."id" = 1 /*action='index',application='Backend',controller='saved_posts'*/[0m
  ↳ app/controllers/api/v1/saved_posts_controller.rb:11:in 'Enumerable#map'
Completed 200 OK in 21ms (Views: 0.1ms | ActiveRecord: 2.2ms (5 queries, 0 cached) | GC: 0.0ms)


Started DELETE "/api/v1/saved_posts/1" for 127.0.0.1 at 2026-08-12 21:27:15 -0500
Processing by Api::V1::SavedPostsController#destroy as */*
  Parameters: {"id" => "1"}
  [1m[36mSavedPost Load (0.3ms)[0m  [1m[34mSELECT "saved_posts".* FROM "saved_posts" WHERE "saved_posts"."id" = 1 LIMIT 1 /*action='destroy',application='Backend',controller='saved_posts'*/[0m
  ↳ app/controllers/api/v1/saved_posts_controller.rb:34:in 'Api::V1::SavedPostsController#destroy'
  [1m[36mTRANSACTION (0.1ms)[0m  [1m[35mBEGIN /*action='destroy',application='Backend',controller='saved_posts'*/[0m
  ↳ app/controllers/api/v1/saved_posts_controller.rb:35:in 'Api::V1::SavedPostsController#destroy'
  [1m[36mSavedPost Destroy (2.2ms)[0m  [1m[31mDELETE FROM "saved_posts" WHERE "saved_posts"."id" = 1 /*action='destroy',application='Backend',controller='saved_posts'*/[0m
  ↳ app/controllers/api/v1/saved_posts_controller.rb:35:in 'Api::V1::SavedPostsController#destroy'
  [1m[36mTRANSACTION (0.4ms)[0m  [1m[35mCOMMIT /*action='destroy',application='Backend',controller='saved_posts'*/[0m
  ↳ app/controllers/api/v1/saved_posts_controller.rb:35:in 'Api::V1::SavedPostsController#destroy'
Completed 204 No Content in 6ms (ActiveRecord: 3.0ms (2 queries, 0 cached) | GC: 0.0ms)


Started GET "/api/v1/saved_posts/1" for 127.0.0.1 at 2026-08-12 21:27:47 -0500
  
ActionController::RoutingError (No route matches [GET] "/api/v1/saved_posts/1"):
  
